Document,Document Name,avoine,riz,millet,seigle,sorgho,orge,artichaut,asperges,choux,choux-fleurs et brocolis,salades,epinard,chicoré,concombre,aubergine,tomates,pastèques,melons,citrouille,courge et calebasses,carotte,oignons,taro,navets,ail,poireaux,arachides,graine de ricin,lin,moutarde,guizotia abyssinie,colza,carthame,sésame,tournesol,manioc,pomme de terre,pomme,patate douce,igname,haricots,pois,soja,coton,kiwis,agrumes,ananas,goyave,grenade,kaki,papaye,mangue,anacardier,noix de cajou,noix de pécan,pacanier,pistachier,jachère,savane arborée,savane arbustive,savane herbacée et prairie,forêt à feuilles persistantes,brousse tigrée,sol nu,bâtiment,route,eau
1,010006772.pdf,0,0.0,0.0,0,0.0,0,0,0,0.0,0,0,0,0,0.0,0.0,0.0,0.0,0,0,0,0.0,0.0,0.0,0,0.004746683238403856,0,0.0,0,0.004203603178147662,0,0,0.0,0,0.0,0,0.0,0,0.0,0,0.0,0.0,0.011778944041157542,0.0,0.0,0,0.0,0.0,0,0,0.0,0.0,0,0.0,0,0,0,0,0.0,0,0,0,0,0,0,0.0,0.0,0.0
2,010044989.pdf,0,0.0,0.0,0,0.0,0,0,0,0.0,0,0,0,0,0.0,0.0,0.0,0.0,0,0,0,0.0,0.0,0.0,0,0.0,0,0.0,0,0.0,0,0,0.0,0,0.0,0,0.0,0,0.0,0,0.0,0.0,0.0,0.0,0.0,0,0.0,0.0,0,0,0.0,0.0,0,0.0,0,0,0,0,0.0,0,0,0,0,0,0,0.01642803274711845,0.0,0.0
3,010058316.pdf,0,0.0,0.0,0,0.0,0,0,0,0.0,0,0,0,0,0.0,0.0,0.0,0.0,0,0,0,0.0,0.0,0.0,0,0.0,0,0.0,0,0.0,0,0,0.0,0,0.0,0,0.0,0,0.0,0,0.0,0.0,0.0,0.0,0.0,0,0.0,0.0,0,0,0.0,0.0,0,0.0,0,0,0,0,0.012605118536743258,0,0,0,0,0,0,0.0,0.0,0.027832413040081033
4,010021666.pdf,0,0.0,0.0,0,0.0,0,0,0,0.0,0,0,0,0,0.0,0.0,0.0,0.0,0,0,0,0.0,0.0,0.0,0,0.0,0,0.0,0,0.0,0,0,0.0,0,0.0,0,0.0,0,0.0,0,0.0,0.0,0.0,0.0,0.0,0,0.0,0.0,0,0,0.0,0.0,0,0.0,0,0,0,0,0.0,0,0,0,0,0,0,0.012126015393992702,0.0,0.0
5,010060185.pdf,0,0.0,0.0,0,0.0,0,0,0,0.0,0,0,0,0,0.0,0.0,0.0,0.0,0,0,0,0.0,0.0,0.002465965211042878,0,0.0,0,0.0,0,0.0,0,0,0.0,0,0.0,0,0.0,0,0.0,0,0.0,0.0,0.0025818092153537826,0.0,0.0015851374429515493,0,0.0,0.0,0,0,0.0,0.0,0,0.0,0,0,0,0,0.0,0,0,0,0,0,0,0.0,0.0015851374429515493,0.014341728765494043
6,010081719.pdf,0,0.0,0.0,0,0.0,0,0,0,0.0,0,0,0,0,0.0,0.0,0.0,0.0,0,0,0,0.0,0.0,0.0,0,0.0006390691579006292,0,0.0,0,0.0,0,0,0.0,0,0.0,0,0.0,0,0.0,0,0.0,0.0,0.0,0.0,0.0,0,0.0,0.0,0,0,0.0,0.0,0,0.0,0,0,0,0,0.0,0,0,0,0,0,0,0.0026306717852140823,0.0009736586901755586,0.017373894196922684
7,010031015.pdf,0,0.0,0.0,0,0.0,0,0,0,0.0,0,0,0,0,0.0,0.0,0.0,0.0,0,0,0,0.0,0.0,0.0,0,0.0,0,0.0,0,0.0,0,0,0.0,0,0.0,0,0.0,0,0.0,0,0.0,0.0,0.0,0.0,0.0,0,0.0,0.0,0,0,0.0,0.0,0,0.0,0,0,0,0,0.0,0,0,0,0,0,0,0.0,0.0,0.004432280959113424
8,010075906.pdf,0,0.0,0.0,0,0.0,0,0,0,0.0,0,0,0,0,0.0,0.0,0.0,0.0,0,0,0,0.0,0.0,0.0,0,0.0,0,0.0,0,0.0,0,0,0.0,0,0.0,0,0.0,0,0.0,0,0.0,0.0,0.0,0.0,0.0,0,0.0,0.0,0,0,0.0,0.0,0,0.0,0,0,0,0,0.0,0,0,0,0,0,0,0.0,0.004320449132442356,0.002171655695225002
9,42393.pdf,0,0.0,0.0,0,0.0,0,0,0,0.0,0,0,0,0,0.0,0.0,0.0,0.0,0,0,0,0.0,0.0,0.0,0,0.0,0,0.0,0,0.0,0,0,0.0,0,0.0,0,0.0,0,0.0,0,0.0,0.0,0.0,0.0,0.0,0,0.0,0.0,0,0,0.0,0.0,0,0.0,0,0,0,0,0.0,0,0,0,0,0,0,0.0,0.0,0.03417164085448391
10,010018399.pdf,0,0.0,0.0,0,0.004648622325238243,0,0,0,0.0,0,0,0,0,0.0,0.0,0.0,0.0,0,0,0,0.0,0.0,0.0,0,0.0,0,0.0,0,0.0,0,0,0.0,0,0.0,0,0.0,0,0.0,0,0.0,0.0,0.0,0.0,0.0,0,0.0,0.0,0,0,0.0,0.0,0,0.0,0,0,0,0,0.005379198343320263,0,0,0,0,0,0,0.0,0.0,0.002375480558622193
11,010042361.pdf,0,0.0,0.0,0,0.0,0,0,0,0.0,0,0,0,0,0.0,0.0,0.0,0.0,0,0,0,0.0,0.0,0.0,0,0.0,0,0.0,0,0.0,0,0,0.0,0,0.0,0,0.0,0,0.0,0,0.0,0.0,0.0,0.0,0.0,0,0.0,0.0,0,0,0.0,0.0,0,0.0,0,0,0,0,0.025224134573143424,0,0,0,0,0,0,0.0,0.0,0.05569551210263365
12,010018841.pdf,0,0.0,0.0,0,0.0,0,0,0,0.0,0,0,0,0,0.0,0.0,0.0,0.0,0,0,0,0.0,0.0,0.0,0,0.0,0,0.0,0,0.0,0,0,0.0,0,0.0,0,0.0,0,0.0,0,0.0,0.0,0.0,0.0,0.0,0,0.0,0.0,0,0,0.0,0.0,0,0.0,0,0,0,0,0.0,0,0,0,0,0,0,0.0,0.0,0.013644519954963625
13,23954.pdf,0,0.0,0.0,0,0.0,0,0,0,0.0,0,0,0,0,0.0,0.0,0.0,0.0,0,0,0,0.0,0.0,0.0,0,0.0,0,0.0,0,0.0,0,0,0.0,0,0.0,0,0.0,0,0.0,0,0.0,0.0,0.0,0.0,0.0,0,0.0,0.0,0,0,0.0,0.0,0,0.0,0,0,0,0,0.0,0,0,0,0,0,0,0.0,0.0,0.009001185420277539
14,010017941.pdf,0,0.0,0.0,0,0.0,0,0,0,0.0,0,0,0,0,0.0,0.0,0.0,0.0,0,0,0,0.0,0.0,0.0,0,0.0,0,0.0,0,0.0,0,0,0.0,0,0.0,0,0.0,0,0.0,0,0.0,0.0,0.0,0.0,0.0,0,0.0,0.0,0,0,0.0,0.0,0,0.0,0,0,0,0,0.0,0,0,0,0,0,0,0.0,0.0,0.025753537602038686
15,010087379.pdf,0,0.0007383604023542928,0.0,0,0.00040465160805968763,0,0,0,0.007775244134447179,0,0,0,0,0.0,0.0,0.0,0.0,0,0,0,0.0,0.0,0.0,0,0.0,0,0.000555745991959261,0,0.0,0,0,0.0,0,0.0,0,0.0,0,0.0,0,0.0,0.0,0.0,0.0,0.0,0,0.0,0.0,0,0,0.0,0.0,0,0.0,0,0,0,0,0.0,0,0,0,0,0,0,0.001111491983918522,0.004525213745074391,0.02026443796665062
16,010068401.pdf,0,0.011617748273256753,0.003009972577305374,0,0.012733999563942548,0,0,0,0.0,0,0,0,0,0.0,0.0,0.0,0.0,0,0,0,0.0,0.0,0.0,0,0.0,0,0.0,0,0.0,0,0,0.0,0,0.0,0,0.0,0,0.0,0,0.0,0.0,0.0,0.0,0.0,0,0.0,0.0,0,0,0.0,0.0,0,0.0,0,0,0,0,0.008841162550845444,0,0,0,0,0,0,0.0,0.0,0.011712903158459466
17,010068395.pdf,0,0.0,0.0,0,0.0,0,0,0,0.0,0,0,0,0,0.0,0.0,0.0,0.0,0,0,0,0.0,0.0,0.0,0,0.0,0,0.0,0,0.0,0,0,0.0,0,0.0,0,0.0,0,0.0,0,0.0,0.0,0.0,0.0,0.0,0,0.0,0.0,0,0,0.0,0.0,0,0.0,0,0,0,0,0.0,0,0,0,0,0,0,0.0,0.006724951791639382,0.06760537810184297
18,010057852.pdf,0,0.0,0.0,0,0.02130541147165161,0,0,0,0.0,0,0,0,0,0.0,0.0,0.0,0.0,0,0,0,0.0,0.0,0.0,0,0.0,0,0.0,0,0.0,0,0,0.0,0,0.0,0,0.0,0,0.0,0,0.0,0.0,0.0,0.0,0.03248974681913705,0,0.0,0.0,0,0,0.0,0.0,0,0.0,0,0,0,0,0.0,0,0,0,0,0,0,0.0,0.0,0.0
19,010067095.pdf,0,0.0,0.0,0,0.0,0,0,0,0.0,0,0,0,0,0.0,0.0,0.0,0.0,0,0,0,0.0,0.0,0.0,0,0.0,0,0.0,0,0.0,0,0,0.0,0,0.0,0,0.0,0,0.0,0,0.0,0.0,0.0,0.0,0.0,0,0.0,0.0,0,0,0.0,0.0,0,0.0,0,0,0,0,0.0,0,0,0,0,0,0,0.0,0.0,0.0068531676975615305
20,010018155.pdf,0,0.0026876553310041687,0.0,0,0.0,0,0,0,0.0,0,0,0,0,0.0,0.0,0.0,0.0,0,0,0,0.0,0.0,0.0,0,0.002620966285373458,0,0.0,0,0.001160547444779414,0,0,0.0,0,0.0,0,0.0,0,0.0,0,0.0,0.0,0.0,0.0,0.0,0,0.0,0.0,0,0,0.0,0.0,0,0.0,0,0,0,0,0.0,0,0,0,0,0,0,0.0,0.0,0.00200716185685033
21,010012551.pdf,0,0.00044655129639199336,0.00057847145801657,0,0.0,0,0,0,0.0,0,0,0,0,0.0,0.0,0.0,0.0,0,0,0,0.0,0.0,0.0,0,0.0006532064653334504,0,0.0,0,0.0017354143740497098,0,0,0.0,0,0.0,0,0.0,0,0.0,0,0.0,0.0,0.0,0.0,0.000497598846375299,0,0.0,0.0,0,0,0.0,0.0,0,0.0,0,0,0,0,0.0,0,0,0,0,0,0,0.0,0.0,0.09204268062870044
22,010065864.pdf,0,0.0,0.0,0,0.0,0,0,0,0.0,0,0,0,0,0.0,0.0,0.0,0.0,0,0,0,0.0,0.0,0.0,0,0.0,0,0.0,0,0.0,0,0,0.0,0,0.0,0,0.0,0,0.0,0,0.0,0.0,0.0,0.0,0.0,0,0.0,0.0,0,0,0.0,0.0,0,0.0,0,0,0,0,0.0,0,0,0,0,0,0,0.0,0.0,0.0
23,34595.pdf,0,0.0,0.0,0,0.0,0,0,0,0.0,0,0,0,0,0.0,0.0,0.0,0.0,0,0,0,0.0,0.0,0.0,0,0.0,0,0.0,0,0.0,0,0,0.0,0,0.0,0,0.0,0,0.0,0,0.0,0.0,0.0,0.0,0.0,0,0.0,0.0,0,0,0.0,0.0,0,0.0,0,0,0,0,0.0,0,0,0,0,0,0,0.0,0.0,0.0
24,010039499.pdf,0,0.0,0.0,0,0.0,0,0,0,0.0,0,0,0,0,0.0,0.0,0.0,0.0,0,0,0,0.0,0.0,0.0,0,0.0,0,0.0,0,0.0,0,0,0.0,0,0.0,0,0.0,0,0.0,0,0.0,0.0,0.0,0.0,0.0,0,0.0,0.0,0,0,0.0,0.0,0,0.0,0,0,0,0,0.0,0,0,0,0,0,0,0.0,0.0,0.0
25,010038219.pdf,0,0.0,0.0,0,0.0,0,0,0,0.0,0,0,0,0,0.0,0.0,0.0,0.0,0,0,0,0.0,0.0,0.0,0,0.0,0,0.0,0,0.0,0,0,0.0,0,0.0,0,0.0,0,0.0,0,0.0,0.0,0.0,0.0,0.0,0,0.0,0.0,0,0,0.0,0.0,0,0.0,0,0,0,0,0.0,0,0,0,0,0,0,0.0011097637577341896,0.0,0.026839600208917642
26,010012244.pdf,0,0.0,0.001912882687386616,0,0.0,0,0,0,0.0,0,0,0,0,0.0,0.0,0.0,0.0,0,0,0,0.0,0.0,0.0,0,0.0,0,0.0,0,0.0,0,0,0.0,0,0.0,0,0.0,0,0.0,0,0.0,0.0,0.0,0.0,0.009872724456537628,0,0.0,0.0,0,0,0.0,0.0,0,0.0,0,0,0,0,0.0,0,0,0,0,0,0,0.0,0.0,0.01902285409194869
27,010017238.pdf,0,0.007110584729715102,0.0,0,0.0,0,0,0,0.0,0,0,0,0,0.0,0.0,0.0,0.0,0,0,0,0.0,0.0,0.0,0,0.0,0,0.01070392981916636,0,0.0,0,0,0.0,0,0.012905372606160537,0,0.0,0,0.0,0,0.0,0.0,0.0,0.0,0.00792343183671808,0,0.0,0.0,0,0,0.0,0.0,0,0.0,0,0,0,0,0.0,0,0,0,0,0,0,0.0,0.0,0.0
28,010031509.pdf,0,0.0,0.0,0,0.0,0,0,0,0.0,0,0,0,0,0.0,0.0,0.0,0.0,0,0,0,0.0,0.0,0.0,0,0.0,0,0.0,0,0.0,0,0,0.0,0,0.0,0,0.0,0,0.0,0,0.0,0.0,0.0,0.0,0.0,0,0.0,0.0,0,0,0.0,0.0,0,0.0,0,0,0,0,0.0,0,0,0,0,0,0,0.0,0.0,0.002400450274358263
29,010055448.pdf,0,0.0,0.0,0,0.0,0,0,0,0.0,0,0,0,0,0.0,0.0,0.0,0.0,0,0,0,0.0,0.0,0.0,0,0.0,0,0.0,0,0.0,0,0,0.0,0,0.0,0,0.0,0,0.0,0,0.0,0.0,0.0,0.0,0.0,0,0.0,0.0,0,0,0.0,0.0,0,0.0,0,0,0,0,0.0,0,0,0,0,0,0,0.0,0.0,0.06086957260141187
30,010061522.pdf,0,0.0,0.00763341227114154,0,0.004305858432731643,0,0,0,0.0,0,0,0,0,0.0,0.0,0.0,0.0,0,0,0,0.0,0.0,0.0,0,0.0,0,0.0,0,0.0050889415140943604,0,0,0.0,0,0.0,0,0.0,0,0.0,0,0.0,0.0,0.0,0.0,0.0,0,0.0,0.0,0,0,0.0,0.0,0,0.0,0,0,0,0,0.0,0,0,0,0,0,0,0.0,0.0,0.0011001628309963028
31,01525.pdf,0,0.0,0.0,0,0.0,0,0,0,0.0,0,0,0,0,0.0,0.0,0.0,0.0,0,0,0,0.0,0.0,0.0,0,0.0,0,0.013759870886486267,0,0.0,0,0,0.0,0,0.0,0,0.0,0,0.0,0,0.0,0.016589819234875708,0.0,0.0,0.0,0,0.0,0.0,0,0,0.0,0.0,0,0.0,0,0,0,0,0.0,0,0,0,0,0,0,0.0,0.0,0.0
32,010065743.pdf,0,0.0,0.0,0,0.0,0,0,0,0.0,0,0,0,0,0.0,0.0,0.0,0.0,0,0,0,0.0,0.0,0.0,0,0.0,0,0.0,0,0.0,0,0,0.0,0,0.0,0,0.0,0,0.0,0,0.0,0.0,0.0,0.0,0.0,0,0.0,0.0,0,0,0.0,0.0,0,0.0,0,0,0,0,0.0,0,0,0,0,0,0,0.0,0.0,0.04334895338427503
33,010036289.pdf,0,0.0006414155854516221,0.0,0,0.0,0,0,0,0.0,0,0,0,0,0.0,0.0,0.0,0.0,0,0,0,0.0,0.0,0.0,0,0.0009382501199030265,0,0.0,0,0.0,0,0,0.0,0,0.0,0,0.0,0,0.0,0,0.0,0.0,0.0,0.0,0.0,0,0.0,0.0,0,0,0.0,0.0,0,0.0,0,0,0,0,0.0,0,0,0,0,0,0,0.0,0.0,0.0578409569786566
34,010017231.pdf,0,0.0017628593192163136,0.006470322204629677,0,0.00016101979828761154,0,0,0,0.00028126737290894654,0,0,0,0,0.00028126737290894654,0.0,0.0,0.0,0,0,0,0.0,0.00025466217319037053,0.0,0,0.012893379932936046,0,0.004201728126367301,0,0.0005709107827614421,0,0,0.0003267492622365128,0,0.0002666254749258452,0,0.001427497132881788,0,0.0,0,0.000456113946943589,0.0,0.0,0.0,0.0016369839453523802,0,0.0002666254749258452,0.0010665018997033809,0,0,0.0003267492622365128,0.0,0,0.0,0,0,0,0,0.0,0,0,0,0,0,0,0.001548005099187953,0.003437666285239998,0.0018924932148398088
35,010027316.pdf,0,0.0,0.0,0,0.0,0,0,0,0.0,0,0,0,0,0.0,0.0,0.0,0.0,0,0,0,0.04416797242067056,0.0,0.0,0,0.0,0,0.0,0,0.0,0,0,0.0,0,0.0,0,0.0,0,0.0,0,0.0,0.0,0.0,0.0,0.0,0,0.0,0.0,0,0,0.0,0.0,0,0.0,0,0,0,0,0.0,0,0,0,0,0,0,0.0,0.0,0.006815258299533594
36,010068396.pdf,0,0.0,0.0,0,0.0,0,0,0,0.0,0,0,0,0,0.0,0.0,0.0,0.0,0,0,0,0.0,0.0,0.0,0,0.0,0,0.0,0,0.0,0,0,0.0,0,0.0,0,0.0,0,0.0,0,0.0,0.0,0.0,0.0,0.0,0,0.0,0.0,0,0,0.0,0.0,0,0.0,0,0,0,0,0.0,0,0,0,0,0,0,0.0,0.0,0.07490061679462026
37,010042354.pdf,0,0.0,0.0,0,0.0,0,0,0,0.0,0,0,0,0,0.0,0.0,0.0,0.0,0,0,0,0.0,0.0,0.0,0,0.0,0,0.0,0,0.0,0,0,0.0,0,0.0,0,0.0,0,0.0,0,0.0,0.0,0.0,0.0,0.0,0,0.0,0.0,0,0,0.0,0.0,0,0.0,0,0,0,0,0.0,0,0,0,0,0,0,0.0,0.0,0.0090826070350023
38,010068415.pdf,0,0.0,0.0,0,0.0,0,0,0,0.0,0,0,0,0,0.0,0.0,0.0,0.0,0,0,0,0.0,0.0,0.0,0,0.0,0,0.0,0,0.0,0,0,0.0,0,0.0,0,0.0,0,0.0,0,0.0,0.0,0.0,0.0,0.0,0,0.0,0.0,0,0,0.0,0.0,0,0.0,0,0,0,0,0.007721931684874034,0,0,0,0,0,0,0.0,0.0,0.09889125204705457
39,010068392.pdf,0,0.0,0.0,0,0.0,0,0,0,0.0,0,0,0,0,0.0,0.0,0.0,0.0,0,0,0,0.0,0.0,0.0,0,0.0,0,0.0,0,0.0,0,0,0.0,0,0.0,0,0.0,0,0.0,0,0.0,0.0,0.0,0.0,0.0,0,0.0,0.0,0,0,0.0,0.0,0,0.0,0,0,0,0,0.0,0,0,0,0,0,0,0.0,0.0,0.012457603924246639
40,010038507.pdf,0,0.0,0.0,0,0.0,0,0,0,0.0,0,0,0,0,0.0,0.0,0.0,0.0,0,0,0,0.0,0.0,0.021950373633542585,0,0.0,0,0.0,0,0.0,0,0,0.0,0,0.0,0,0.0,0,0.0,0,0.0,0.0,0.0,0.0,0.0,0,0.0,0.0,0,0,0.0,0.0,0,0.0,0,0,0,0,0.0,0,0,0,0,0,0,0.0,0.0,0.0
41,010067182.pdf,0,0.0035186735912268318,0.020967535850007338,0,0.0,0,0,0,0.0,0,0,0,0,0.0,0.0,0.0,0.0,0,0,0,0.0,0.0,0.0,0,0.0,0,0.0,0,0.0,0,0,0.0,0,0.0,0,0.0,0,0.0,0,0.0,0.0,0.0,0.01149520495157726,0.0,0,0.0,0.0,0,0,0.0,0.0,0,0.0,0,0,0,0,0.0,0,0,0,0,0,0,0.0,0.0,0.0181316319206044
42,010013855.pdf,0,0.0,0.0,0,0.0,0,0,0,0.0,0,0,0,0,0.0,0.0,0.0,0.0,0,0,0,0.0,0.0,0.0,0,0.0,0,0.0,0,0.0,0,0,0.0,0,0.0,0,0.0,0,0.0,0,0.0,0.0,0.0,0.0,0.0,0,0.0,0.0,0,0,0.0,0.0,0,0.0,0,0,0,0,0.0,0,0,0,0,0,0,0.0,0.005421972056731736,0.02725331588314769
43,010064583.pdf,0,0.0,0.0,0,0.0,0,0,0,0.0,0,0,0,0,0.0,0.0,0.0,0.0,0,0,0,0.0,0.0,0.0,0,0.0,0,0.0,0,0.0,0,0,0.0,0,0.0,0,0.0,0,0.0,0,0.0,0.0,0.0,0.0,0.0,0,0.0,0.0,0,0,0.0,0.0,0,0.0,0,0,0,0,0.0,0,0,0,0,0,0,0.0,0.0,0.13043262852018242
44,010041085.pdf,0,0.0,0.0,0,0.0,0,0,0,0.0,0,0,0,0,0.0,0.0,0.0,0.0,0,0,0,0.0,0.0,0.0,0,0.0,0,0.0,0,0.0,0,0,0.0,0,0.0,0,0.0,0,0.0,0,0.0,0.0,0.0,0.0,0.0,0,0.0,0.0,0,0,0.0,0.0,0,0.0,0,0,0,0,0.0,0,0,0,0,0,0,0.0,0.0,0.0642130293475721
45,35894.pdf,0,0.0,0.0,0,0.0,0,0,0,0.0,0,0,0,0,0.0,0.0,0.0,0.0,0,0,0,0.0,0.0,0.0,0,0.0,0,0.0,0,0.0,0,0,0.0,0,0.0,0,0.0,0,0.0,0,0.0,0.0,0.0,0.0,0.0,0,0.0,0.0,0,0,0.0,0.0,0,0.0,0,0,0,0,0.0,0,0,0,0,0,0,0.0,0.0,0.013388794632081459
46,010036284.pdf,0,0.000860001988313067,0.0011140637326465253,0,0.0009426323145060191,0,0,0,0.0,0,0,0,0,0.0,0.0,0.0,0.0,0,0,0,0.0,0.0,0.0,0,0.0,0,0.0,0,0.0011140637326465253,0,0,0.0,0,0.0,0,0.0,0,0.0,0,0.0,0.0,0.0,0.0,0.0,0,0.0,0.0,0,0,0.0,0.0,0,0.0,0,0,0,0,0.0,0,0,0,0,0,0,0.0,0.0,0.05298613306073777
47,010078355.pdf,0,0.005987502578651961,0.0010341773720916015,0,0.004375194081350474,0,0,0,0.0,0,0,0,0,0.000764253438592774,0.0006919623827227724,0.0,0.0,0,0,0,0.0007244687996373971,0.0,0.0,0,0.0,0,0.0,0,0.0,0,0,0.0,0,0.0,0,0.00221643623006032,0,0.0,0,0.011154083883349873,0.0007244687996373971,0.0,0.004346812797824382,0.005782369192285389,0,0.0,0.0007244687996373971,0,0,0.0,0.0,0,0.0,0,0,0,0,0.04505890400567233,0,0,0,0,0,0,0.0,0.0,0.010731632130082444
48,010043107.pdf,0,0.0009449164111532159,0.0,0,0.0,0,0,0,0.0,0,0,0,0,0.0,0.0,0.0,0.0,0,0,0,0.0,0.0,0.0,0,0.0,0,0.0,0,0.001224063570031069,0,0,0.0,0,0.0,0,0.0,0,0.0,0,0.0,0.0,0.0,0.0,0.012635215346857295,0,0.0,0.0,0,0,0.0,0.0,0,0.0,0,0,0,0,0.007190859529292592,0,0,0,0,0,0,0.0,0.0010529346122381078,0.18206309431755402
49,41155.pdf,0,0.0,0.0,0,0.0,0,0,0,0.0,0,0,0,0,0.0,0.0,0.0,0.0,0,0,0,0.0,0.0,0.0,0,0.0,0,0.0,0,0.0,0,0,0.0,0,0.0,0,0.0,0,0.0,0,0.0,0.0,0.0,0.0,0.0,0,0.0,0.0,0,0,0.0,0.0,0,0.0,0,0,0,0,0.0,0,0,0,0,0,0,0.0,0.0,0.0013278785019720054
50,010050204.pdf,0,0.00511050434783395,0.01607774826703362,0,0.00880240356230424,0,0,0,0.0,0,0,0,0,0.0,0.0012655920939333915,0.0014916229913729247,0.0,0,0,0,0.0,0.0012655920939333915,0.002531184187866783,0,0.0,0,0.0,0,0.0,0,0,0.0,0,0.0,0,0.004053839109626439,0,0.0,0,0.006800234969561489,0.0,0.0,0.0,0.001627060598108649,0,0.0,0.0,0,0,0.0,0.0032476851807588035,0,0.0,0,0,0,0,0.0,0,0,0,0,0,0,0.0,0.0024405908971629735,0.08628161443116629
51,010047865.pdf,0,0.0,0.0,0,0.0,0,0,0,0.0,0,0,0,0,0.0,0.0,0.0,0.0,0,0,0,0.0,0.0,0.0,0,0.0,0,0.0,0,0.0,0,0,0.0,0,0.0,0,0.011436202534510243,0,0.0,0,0.0,0.0,0.0,0.0,0.0,0,0.0,0.0,0,0,0.0,0.0,0,0.0,0,0,0,0,0.0,0,0,0,0,0,0,0.0,0.009180134698343542,0.0
52,010038903.pdf,0,0.0,0.0,0,0.0009409683936169492,0,0,0,0.0,0,0,0,0,0.0,0.0,0.0,0.0,0,0,0,0.0,0.0,0.0,0,0.0,0,0.0,0,0.0,0,0,0.0,0,0.0,0,0.003575149582239526,0,0.0,0,0.0013327206111486479,0.0,0.0,0.0,0.002869864767841053,0,0.0,0.01713918178118811,0,0,0.0,0.0,0,0.0015581074346534647,0,0,0,0,0.0010888506895000575,0,0,0,0,0,0,0.0,0.0,0.0
53,010048558.pdf,0,0.0,0.0,0,0.0,0,0,0,0.0,0,0,0,0,0.0,0.0,0.0,0.0,0,0,0,0.0,0.0,0.0,0,0.0,0,0.0,0,0.007212360063285495,0,0,0.0,0,0.0,0,0.0,0,0.0,0,0.0,0.0,0.0,0.0,0.0,0,0.0,0.0,0,0,0.0,0.0,0,0.010104900723235572,0,0,0,0,0.0,0,0,0,0,0,0,0.0,0.0,0.0
54,010045305.pdf,0,0.005410137243504505,0.0,0,0.0023719806516463047,0,0,0,0.0,0,0,0,0,0.0,0.0,0.0,0.0,0,0,0,0.001963828282254064,0.0018757126575044084,0.0,0,0.0,0,0.0,0,0.0,0,0,0.0,0,0.0,0,0.0,0,0.003751425315008817,0,0.0,0.0,0.0,0.0,0.0,0,0.0,0.0,0,0,0.0,0.0,0,0.0,0,0,0,0,0.0,0,0,0,0,0,0,0.0,0.007234317059252368,0.0030302493562568682
55,010018574.pdf,0,0.024639511243785307,0.0,0,0.0,0,0,0,0.0,0,0,0,0,0.0,0.0,0.0,0.0,0,0,0,0.0,0.0,0.0,0,0.0,0,0.0,0,0.0,0,0,0.0,0,0.0,0,0.0,0,0.0,0,0.0,0.0,0.0,0.0,0.0,0,0.0,0.0,0,0,0.0,0.0,0,0.0,0,0,0,0,0.0,0,0,0,0,0,0,0.0,0.0,0.03312176074998033
56,010068400.pdf,0,0.02521128059459902,0.0,0,0.0386870674046104,0,0,0,0.0,0,0,0,0,0.0,0.0,0.0,0.0,0,0,0,0.0,0.0,0.0,0,0.0,0,0.0,0,0.0,0,0,0.0,0,0.018302909384770163,0,0.013998957407213356,0,0.0,0,0.16438082022129016,0.0,0.0,0.22878636730962706,0.022474648249152622,0,0.018302909384770163,0.0,0,0,0.0,0.0,0,0.009151454692385081,0,0,0,0,0.006395302101840128,0,0,0,0,0,0,0.0,0.09551725505889865,0.005648393994730373
57,010068397.pdf,0,0.010684881314249963,0.013841408417192098,0,0.058557506496177275,0,0,0,0.0,0,0,0,0,0.0,0.0,0.0,0.0,0,0,0,0.0,0.0,0.0,0,0.0,0,0.0,0,0.0,0,0,0.0,0,0.0,0,0.0074161840896014835,0,0.0,0,0.0,0.0,0.0,0.0,0.0,0,0.0,0.0,0,0,0.0,0.0,0,0.0,0,0,0,0,0.0,0,0,0,0,0,0,0.0,0.0,0.00598466420848387
58,010082896.pdf,0,0.0,0.0,0,0.0,0,0,0,0.0,0,0,0,0,0.0,0.0,0.0,0.0,0,0,0,0.0,0.0,0.0,0,0.0,0,0.0,0,0.0,0,0,0.0,0,0.0,0,0.0,0,0.0,0,0.0,0.0,0.0,0.0,0.0,0,0.0,0.0,0,0,0.0,0.0,0,0.0,0,0,0,0,0.0,0,0,0,0,0,0,0.0,0.0,0.05686386921021743
59,010008265.pdf,0,0.0,0.0,0,0.0,0,0,0,0.0,0,0,0,0,0.0,0.0,0.0,0.0,0,0,0,0.0,0.0,0.0,0,0.0,0,0.0,0,0.0,0,0,0.0,0,0.0,0,0.0,0,0.0,0,0.0,0.0,0.0,0.0,0.0,0,0.0,0.0,0,0,0.0,0.0,0,0.0,0,0,0,0,0.0,0,0,0,0,0,0,0.0,0.0,0.0
60,010064578.pdf,0,0.0014343263101406032,0.0013935411876571113,0,0.0007860693044075441,0,0,0,0.0,0,0,0,0,0.000686548022436827,0.0006216071547335605,0.0007326243013424553,0.0,0,0,0,0.0006508084839291943,0.0006216071547335605,0.0006216071547335605,0,0.0,0,0.0,0,0.0,0,0,0.0,0,0.0,0,0.0004977700569483693,0,0.0006216071547335605,0,0.0,0.0,0.0,0.0,0.0011987185845473121,0,0.0,0.0,0,0,0.0,0.0,0,0.0,0,0,0,0,0.0,0,0,0,0,0,0,0.0,0.01118804012244158,0.05703959048471013
61,010039497.pdf,0,0.0,0.0,0,0.0,0,0,0,0.0,0,0,0,0,0.0,0.0,0.0,0.0,0,0,0,0.0,0.0,0.0,0,0.0,0,0.0,0,0.0,0,0,0.0,0,0.0,0,0.0,0,0.0,0,0.0,0.0,0.0,0.0,0.0,0,0.0,0.0,0,0,0.0,0.0,0,0.0,0,0,0,0,0.0,0,0,0,0,0,0,0.0,0.0,0.0
62,35789.pdf,0,0.0,0.0,0,0.0,0,0,0,0.0,0,0,0,0,0.0,0.0,0.0,0.0,0,0,0,0.0,0.0,0.0,0,0.0,0,0.0,0,0.0,0,0,0.0,0,0.0,0,0.0,0,0.0,0,0.0,0.0,0.0,0.0,0.0,0,0.0,0.0,0,0,0.0,0.0,0,0.0,0,0,0,0,0.0,0,0,0,0,0,0,0.0,0.0,0.0
63,010030408.pdf,0,0.0,0.0,0,0.0,0,0,0,0.0,0,0,0,0,0.0,0.0,0.0,0.0,0,0,0,0.0,0.0,0.0,0,0.0,0,0.0,0,0.0,0,0,0.0,0,0.0,0,0.0,0,0.0,0,0.0,0.0,0.0,0.0,0.0,0,0.0,0.0,0,0,0.0,0.0,0,0.0,0,0,0,0,0.0,0,0,0,0,0,0,0.0,0.0,0.028054775717047606
64,010052388.pdf,0,0.0,0.0,0,0.0,0,0,0,0.0,0,0,0,0,0.0,0.0,0.0,0.0,0,0,0,0.0,0.0,0.0,0,0.0,0,0.0,0,0.0,0,0,0.0,0,0.0,0,0.0,0,0.0,0,0.0,0.0,0.0,0.0,0.0,0,0.0,0.0,0,0,0.0,0.0,0,0.0,0,0,0,0,0.0,0,0,0,0,0,0,0.0,0.0,0.003436900607600122
65,010039383.pdf,0,0.0,0.0,0,0.0016882492871796969,0,0,0,0.0,0,0,0,0,0.0,0.0,0.0,0.0,0,0,0,0.0,0.0,0.0,0,0.0,0,0.0,0,0.0,0,0,0.0,0,0.0,0,0.0,0,0.0,0,0.002391116042838431,0.0,0.0,0.0,0.0,0,0.0,0.0,0,0,0.0,0.0,0,0.0,0,0,0,0,0.0,0,0,0,0,0,0,0.0,0.0,0.04658622840870838
66,010005253.pdf,0,0.0,0.0,0,0.0,0,0,0,0.0,0,0,0,0,0.0,0.0,0.0,0.0,0,0,0,0.0,0.0,0.0,0,0.0,0,0.0,0,0.0,0,0,0.0,0,0.0,0,0.0,0,0.0,0,0.0,0.0,0.0,0.0,0.0,0,0.0,0.0,0,0,0.0,0.0,0,0.0,0,0,0,0,0.0,0,0,0,0,0,0,0.0,0.0,0.026304706036516905
67,010042355.pdf,0,0.0,0.0,0,0.0,0,0,0,0.0,0,0,0,0,0.0,0.0,0.0,0.0,0,0,0,0.0,0.0,0.0,0,0.0,0,0.0,0,0.0,0,0,0.0,0,0.0,0,0.0,0,0.0,0,0.0,0.0,0.0,0.0,0.0,0,0.0,0.0,0,0,0.0,0.0,0,0.0,0,0,0,0,0.0,0,0,0,0,0,0,0.0,0.0,0.03670081972362269
68,010024434.pdf,0,0.0,0.0,0,0.0,0,0,0,0.0,0,0,0,0,0.0,0.0,0.0,0.0,0,0,0,0.0,0.0,0.0,0,0.0,0,0.0,0,0.0,0,0,0.0,0,0.0,0,0.0,0,0.0,0,0.0,0.0,0.0,0.0,0.0,0,0.0,0.0,0,0,0.0,0.0,0,0.0,0,0,0,0,0.0,0,0,0,0,0,0,0.0,0.0,0.0
69,010043978.pdf,0,0.0009814550298406202,0.0,0,0.0,0,0,0,0.0,0,0,0,0,0.0,0.0,0.0,0.0,0,0,0,0.0,0.0,0.0,0,0.0028713062804017085,0,0.0,0,0.0,0,0,0.0,0,0.0,0,0.0,0,0.0,0,0.0,0.0,0.0,0.0,0.002187300292547908,0,0.0,0.0,0,0,0.0,0.0,0,0.0,0,0,0,0,0.0,0,0,0,0,0,0,0.0,0.001093650146273954,0.0043977493930532725
70,010026282.pdf,0,0.0,0.0,0,0.0,0,0,0,0.0,0,0,0,0,0.0,0.0,0.0,0.0,0,0,0,0.0,0.0,0.0,0,0.0,0,0.0,0,0.0,0,0,0.0,0,0.0,0,0.0,0,0.0,0,0.0,0.0,0.0,0.0,0.0,0,0.0,0.0,0,0,0.0,0.0,0,0.0,0,0,0,0,0.0,0,0,0,0,0,0,0.0,0.0,0.015559951721902204
71,010068460.pdf,0,0.013480849995156618,0.0,0,0.018852279541203283,0,0,0,0.0008900250401117141,0,0,0,0,0.0,0.004029185976399581,0.0,0.0,0,0,0,0.0,0.0008058371952799163,0.020145929881997905,0,0.0,0,0.0,0,0.0,0,0,0.0,0,0.0,0,0.05033321549699249,0,0.0,0,0.13350512983290191,0.0,0.0016873862514618886,0.0,0.012431929262661873,0,0.0008436931257309443,0.014342783137426053,0,0,0.0,0.0,0,0.011811703760233218,0,0,0,0,0.01768791717272526,0,0,0,0,0,0,0.0,0.0005179970526109114,0.031765024473442434
72,21236.pdf,0,0.0,0.0,0,0.0,0,0,0,0.0,0,0,0,0,0.0,0.0,0.0,0.0,0,0,0,0.0,0.0,0.0,0,0.0036926372236010152,0,0.0,0,0.0,0,0,0.0,0,0.0,0,0.0,0,0.0,0,0.0,0.0,0.0,0.0,0.0,0,0.0,0.0,0,0,0.0,0.0,0,0.0,0,0,0,0,0.0,0,0,0,0,0,0,0.0038001038060848386,0.0,0.002827858041425197
73,010068399.pdf,0,0.0037766028054763,0.0,0,0.0,0,0,0,0.0,0,0,0,0,0.0,0.0,0.0,0.0,0,0,0,0.0,0.0,0.0,0,0.0,0,0.0,0,0.0,0,0,0.0,0,0.0,0,0.0,0,0.0,0,0.0,0.0,0.0,0.0,0.0,0,0.0,0.0,0,0,0.0,0.0,0,0.0,0,0,0,0,0.0,0,0,0,0,0,0,0.0,0.0,0.0021152972105970775
74,010068394.pdf,0,0.011753118241682929,0.0,0,0.0,0,0,0,0.0,0,0,0,0,0.0,0.0,0.0,0.0,0,0,0,0.0,0.0,0.0,0,0.0,0,0.0,0,0.0,0,0,0.0,0,0.0,0,0.0,0,0.0,0,0.0,0.0,0.0,0.0,0.0,0,0.0,0.0,0,0,0.0,0.0,0,0.0,0,0,0,0,0.0,0,0,0,0,0,0,0.0,0.0,0.04937242446385763
75,010020492.pdf,0,0.0,0.0,0,0.0,0,0,0,0.0,0,0,0,0,0.0,0.0,0.0,0.0,0,0,0,0.0,0.0,0.0,0,0.0,0,0.0,0,0.0,0,0,0.0,0,0.0,0,0.0,0,0.0,0,0.0,0.0,0.0,0.0,0.0,0,0.0,0.0,0,0,0.0,0.0,0,0.0,0,0,0,0,0.0,0,0,0,0,0,0,0.0,0.0,0.0
76,010028956.pdf,0,0.007875999637473501,0.0,0,0.00230206344270841,0,0,0,0.0,0,0,0,0,0.0,0.0,0.0,0.0,0,0,0,0.0,0.0,0.0,0,0.0,0,0.0031616395586704944,0,0.0,0,0,0.0,0,0.0,0,0.0,0,0.0,0,0.013041914772403043,0.0,0.0,0.0,0.09888015609700229,0,0.0,0.0,0,0,0.0,0.0,0,0.0,0,0,0,0,0.0006659637517767468,0,0,0,0,0,0,0.0,0.0,0.0014704644113534325
77,010057651.pdf,0,0.0036472677369061837,0.0,0,0.001998851441731468,0,0,0,0.0,0,0,0,0,0.0,0.0,0.0,0.0,0,0,0,0.0,0.0,0.0,0,0.0,0,0.0,0,0.00236237169457554,0,0,0.0,0,0.0,0,0.0,0,0.0,0,0.0,0.0,0.0,0.0,0.0,0,0.0,0.0,0,0,0.0,0.0,0,0.0,0,0,0,0,0.0,0,0,0,0,0,0,0.0,0.0,0.01225713531588401
78,010055466.pdf,0,0.0,0.0,0,0.0,0,0,0,0.0,0,0,0,0,0.0,0.0,0.0,0.0,0,0,0,0.0,0.0,0.0,0,0.0,0,0.0,0,0.0,0,0,0.0,0,0.0,0,0.0,0,0.0,0,0.0,0.0,0.0,0.0,0.0,0,0.0,0.0,0,0,0.0,0.0,0,0.0,0,0,0,0,0.04312465467711717,0,0,0,0,0,0,0.0,0.0,0.12378639336007735
79,010018160.pdf,0,0.0016599295103117719,0.0,0,0.00045485452867709785,0,0,0,0.0,0,0,0,0,0.0,0.0,0.0,0.0,0,0,0,0.0,0.0,0.0,0,0.0,0,0.0006246943696799281,0,0.0005375764507868969,0,0,0.0,0,0.0,0,0.0005760636202770158,0,0.0007193788837785636,0,0.0,0.0,0.0,0.0,0.0,0,0.0,0.0,0,0,0.0,0.0,0,0.0,0,0,0,0,0.0,0,0,0,0,0,0,0.0018740831090397843,0.0018496844955308079,0.0009297361792610939
80,010044990.pdf,0,0.0,0.0,0,0.0,0,0,0,0.0,0,0,0,0,0.0,0.0,0.0,0.0,0,0,0,0.0,0.0,0.0,0,0.0,0,0.0,0,0.0,0,0,0.0,0,0.0,0,0.0,0,0.0,0,0.0,0.0,0.0,0.0,0.0,0,0.0,0.0,0,0,0.0,0.0,0,0.0,0,0,0,0,0.0,0,0,0,0,0,0,0.0,0.0,0.033212834882558245
81,010063022.pdf,0,0.004106616175358069,0.0,0,0.07877075907787091,0,0,0,0.0,0,0,0,0,0.0,0.0,0.0,0.0,0,0,0,0.0,0.0,0.0,0,0.0,0,0.0,0,0.0,0,0,0.0,0,0.0,0,0.002850328482467421,0,0.0,0,0.0,0.0,0.0,0.0,0.0549127722940174,0,0.0,0.0,0,0,0.0,0.0,0,0.0,0,0,0,0,0.0,0,0,0,0,0,0,0.0,0.0,0.03335202448557916
82,010041857.pdf,0,0.0,0.012973812176610812,0,0.0,0,0,0,0.0,0,0,0,0,0.0,0.0,0.0,0.0,0,0,0,0.0,0.0,0.0,0,0.0,0,0.0,0,0.0,0,0,0.0,0,0.0,0,0.0,0,0.0,0,0.0,0.0,0.0,0.0,0.0,0,0.0,0.0,0,0,0.0,0.0,0,0.0,0,0,0,0,0.0,0,0,0,0,0,0,0.0,0.0,0.07292399671544245
83,010043979.pdf,0,0.0,0.0,0,0.0,0,0,0,0.0,0,0,0,0,0.0,0.0,0.0,0.0,0,0,0,0.0,0.0,0.0,0,0.0,0,0.0,0,0.0,0,0,0.0,0,0.0,0,0.0,0,0.0,0,0.0,0.0,0.0,0.0,0.0,0,0.0,0.0,0,0,0.0,0.0,0,0.0,0,0,0,0,0.0,0,0,0,0,0,0,0.0,0.008954710380440828,0.0
84,010036927.pdf,0,0.0,0.0,0,0.01716173189962997,0,0,0,0.0,0,0,0,0,0.0,0.0,0.0,0.0,0,0,0,0.0,0.0,0.0,0,0.0,0,0.0,0,0.0,0,0,0.0,0,0.0,0,0.0,0,0.0,0,0.0,0.0,0.0,0.0,0.017447220710061908,0,0.0,0.0,0,0,0.0,0.0,0,0.0,0,0,0,0,0.24823580338467485,0,0,0,0,0,0,0.0,0.0,0.0
85,010082429.pdf,0,0.0,0.0,0,0.0,0,0,0,0.0,0,0,0,0,0.0,0.0,0.0,0.0,0,0,0,0.0,0.0,0.0,0,0.0,0,0.0,0,0.0,0,0,0.0,0,0.0,0,0.0,0,0.0,0,0.0,0.0,0.0,0.0,0.0,0,0.0,0.0,0,0,0.0,0.0,0,0.0,0,0,0,0,0.0,0,0,0,0,0,0,0.0,0.0,0.12950635561380752
86,010082783.pdf,0,0.0,0.00908224128636266,0,0.0,0,0,0,0.0,0,0,0,0,0.0,0.0,0.0,0.0,0,0,0,0.0,0.0,0.0,0,0.0,0,0.0,0,0.0,0,0,0.0,0,0.0,0,0.0,0,0.0,0,0.0,0.0,0.0,0.0,0.0,0,0.0,0.0,0,0,0.0,0.0,0,0.0,0,0,0,0,0.0,0,0,0,0,0,0,0.0,0.0,0.019634621969465565
87,010067283.pdf,0,0.0,0.0,0,0.0,0,0,0,0.0,0,0,0,0,0.0,0.0,0.0,0.0,0,0,0,0.0,0.0,0.0,0,0.0,0,0.0,0,0.0,0,0,0.0,0,0.0,0,0.0,0,0.0,0,0.0,0.0,0.0,0.0,0.003206666597441816,0,0.0,0.0,0,0,0.0,0.0,0,0.0,0,0,0,0,0.0,0,0,0,0,0,0,0.0,0.0,0.029012716081103816
88,010029313.pdf,0,0.0,0.0,0,0.0,0,0,0,0.0,0,0,0,0,0.0,0.0,0.0,0.0,0,0,0,0.0,0.0,0.0,0,0.0,0,0.0,0,0.007203396665504562,0,0,0.0,0,0.0,0,0.0,0,0.0,0,0.0,0.0,0.0,0.0,0.0,0,0.0,0.0,0,0,0.0,0.0,0,0.0,0,0,0,0,0.0,0,0,0,0,0,0,0.0,0.0,0.012458243815712096
89,010039496.pdf,0,0.0,0.0,0,0.0,0,0,0,0.0,0,0,0,0,0.0,0.0,0.0,0.0,0,0,0,0.0,0.0,0.0,0,0.0,0,0.0,0,0.0,0,0,0.0,0,0.0,0,0.0,0,0.0,0,0.0,0.0,0.0,0.0,0.0,0,0.0,0.0,0,0,0.0,0.0,0,0.0,0,0,0,0,0.0,0,0,0,0,0,0,0.0,0.0,0.0019443887438958083
90,010064585.pdf,0,0.0,0.0,0,0.0,0,0,0,0.0,0,0,0,0,0.0,0.0,0.0,0.0,0,0,0,0.0,0.0,0.0,0,0.0,0,0.0,0,0.0,0,0,0.0,0,0.0,0,0.0,0,0.0,0,0.0,0.0,0.0,0.0,0.0,0,0.0,0.0,0,0,0.0,0.0,0,0.0,0,0,0,0,0.0,0,0,0,0,0,0,0.0,0.0,0.09663281066234015
91,010078506.pdf,0,0.0,0.0,0,0.0,0,0,0,0.0,0,0,0,0,0.0,0.0,0.0,0.0,0,0,0,0.0,0.0,0.0,0,0.0,0,0.0,0,0.0,0,0,0.0,0,0.0,0,0.0,0,0.0,0,0.0,0.0,0.0,0.0,0.0,0,0.0,0.0,0,0,0.0,0.0,0,0.0,0,0,0,0,0.0,0,0,0,0,0,0,0.0,0.0,0.09756604683174983
92,010061615.pdf,0,0.02849723382010096,0.0,0,0.0,0,0,0,0.0,0,0,0,0,0.0,0.0,0.0,0.0,0,0,0,0.0,0.0,0.0,0,0.008337038779557673,0,0.0,0,0.007383177041717566,0,0,0.0,0,0.0,0,0.0,0,0.0,0,0.0,0.0,0.0,0.0,0.006350979512697095,0,0.0,0.0,0,0,0.0,0.0,0,0.0,0,0,0,0,0.0,0,0,0,0,0,0,0.0,0.03175489756348548,0.0
93,010026281.pdf,0,0.0,0.0,0,0.0,0,0,0,0.0,0,0,0,0,0.0,0.0,0.0,0.0,0,0,0,0.0,0.0,0.0,0,0.0,0,0.0,0,0.0,0,0,0.0,0,0.0,0,0.0,0,0.0,0,0.0,0.0,0.0,0.0,0.0,0,0.0,0.0,0,0,0.0,0.0,0,0.0,0,0,0,0,0.0,0,0,0,0,0,0,0.0,0.0,0.07725541159442594
94,010021523.pdf,0,0.0,0.0,0,0.0,0,0,0,0.0,0,0,0,0,0.0,0.0,0.0,0.0,0,0,0,0.0,0.0,0.0,0,0.0,0,0.0,0,0.0,0,0,0.0,0,0.0,0,0.0,0,0.0,0,0.0,0.0,0.0,0.0,0.0,0,0.0,0.0,0,0,0.0,0.0,0,0.0,0,0,0,0,0.0,0,0,0,0,0,0,0.0,0.0,0.09067787013759958
95,010043984.pdf,0,0.0,0.0,0,0.0,0,0,0,0.0,0,0,0,0,0.0,0.0,0.0,0.0,0,0,0,0.0,0.0,0.0,0,0.0,0,0.0,0,0.0,0,0,0.0,0,0.0,0,0.0,0,0.0,0,0.0,0.0,0.0,0.0,0.0,0,0.0,0.0,0,0,0.0,0.0,0,0.0,0,0,0,0,0.0,0,0,0,0,0,0,0.0,0.0,0.0
96,37425.pdf,0,0.017233831385293805,0.0,0,0.0,0,0,0,0.0,0,0,0,0,0.0,0.0,0.0,0.0,0,0,0,0.0,0.0,0.0,0,0.0,0,0.01037718998791384,0,0.0,0,0,0.0,0,0.0,0,0.0,0,0.0,0,0.0,0.006255716622840147,0.0,0.0,0.015363134645872011,0,0.0,0.0,0,0,0.0,0.0,0,0.0,0,0,0,0,0.0,0,0,0,0,0,0,0.0,0.015363134645872011,0.0019305538514323452
97,010064588.pdf,0,0.0,0.0,0,0.0,0,0,0,0.0,0,0,0,0,0.0,0.0,0.0,0.0,0,0,0,0.0,0.0,0.0,0,0.0,0,0.0,0,0.0,0,0,0.0,0,0.0,0,0.0,0,0.0,0,0.0,0.0,0.0,0.0,0.0,0,0.0,0.0,0,0,0.0,0.0,0,0.0,0,0,0,0,0.0,0,0,0,0,0,0,0.0,0.0,0.014074169873687594
98,010068393.pdf,0,0.009394660682923767,0.006085015435775698,0,0.005148657133289894,0,0,0,0.0,0,0,0,0,0.0,0.0,0.0,0.0,0,0,0,0.0,0.0,0.0,0,0.0,0,0.0,0,0.0,0,0,0.0,0,0.0,0,0.0065206651374765025,0,0.0,0,0.0,0.008525430835168149,0.0,0.0,0.0052343060648139044,0,0.0,0.0,0,0,0.0,0.0,0,0.0,0,0,0,0,0.0,0,0,0,0,0,0,0.0,0.0052343060648139044,0.013155010309979094
99,010046797.pdf,0,0.0,0.0,0,0.0,0,0,0,0.0,0,0,0,0,0.0,0.0,0.0,0.0,0,0,0,0.0,0.0,0.0,0,0.0,0,0.0,0,0.0,0,0,0.0,0,0.0,0,0.0,0,0.0,0,0.0,0.0,0.0,0.0,0.0,0,0.0,0.0,0,0,0.0,0.0,0,0.0,0,0,0,0,0.0,0,0,0,0,0,0,0.0,0.0,0.0
100,010058504.pdf,0,0.0,0.0,0,0.0,0,0,0,0.0,0,0,0,0,0.0,0.0,0.0,0.0,0,0,0,0.0,0.0,0.0,0,0.0,0,0.0,0,0.0,0,0,0.0,0,0.0,0,0.0,0,0.0,0,0.0,0.0,0.0,0.0,0.0,0,0.0,0.0,0,0,0.0,0.0,0,0.0,0,0,0,0,0.0,0,0,0,0,0,0,0.0,0.0,0.08333686311186869
101,010058315.pdf,0,0.0032011984096586383,0.0,0,0.007456145860799958,0,0,0,0.0,0,0,0,0,0.0,0.0,0.0,0.0,0,0,0,0.0,0.0,0.0,0,0.0,0,0.0,0,0.0010367240708948709,0,0,0.0,0,0.0,0,0.0,0,0.0006936663648631118,0,0.0,0.0,0.002178758489979445,0.0007262528299931483,0.003567143682114145,0,0.0,0.0,0,0,0.0,0.0,0,0.0,0,0,0,0,0.15885581092348341,0,0,0,0,0,0,0.0,0.0013376788807928043,0.03361893487001561
102,010029398.pdf,0,0.0,0.0,0,0.0,0,0,0,0.0,0,0,0,0,0.0,0.0,0.0,0.0,0,0,0,0.0,0.0,0.0,0,0.0,0,0.0,0,0.0,0,0,0.0,0,0.0,0,0.0,0,0.0,0,0.0,0.0,0.0,0.0,0.0,0,0.0,0.0,0,0,0.0,0.0,0,0.0,0,0,0,0,0.0,0,0,0,0,0,0,0.0,0.0,0.005298420633342039
103,010078505.pdf,0,0.11548434409351296,0.002732433301263288,0,0.1277362432657834,0,0,0,0.0,0,0,0,0,0.0,0.0009141280348985069,0.0,0.0011728897827692562,0,0,0,0.0,0.0,0.0,0,0.0,0,0.00079381067396392,0,0.000683108325315822,0,0,0.0,0,0.0019141423195634625,0,0.0,0,0.0018282560697970138,0,0.0,0.0,0.0,0.0,0.021741461340726714,0,0.0,0.0,0,0,0.0,0.0,0,0.0,0,0,0,0,0.0020064872980868564,0,0,0,0,0,0,0.0,0.0017628211897886524,0.1051475312746886
104,010012804.pdf,0,0.0,0.0,0,0.0,0,0,0,0.0,0,0,0,0,0.0,0.0,0.0,0.0,0,0,0,0.0,0.0,0.0,0,0.0,0,0.0,0,0.0,0,0,0.0,0,0.0,0,0.0,0,0.0,0,0.0,0.0,0.0,0.0,0.0,0,0.0,0.0,0,0,0.0,0.0,0,0.0,0,0,0,0,0.0,0,0,0,0,0,0,0.0,0.0,0.0
105,010017940.pdf,0,0.0,0.0,0,0.0,0,0,0,0.0,0,0,0,0,0.0,0.0,0.0,0.0,0,0,0,0.0,0.0,0.0,0,0.0,0,0.0,0,0.0,0,0,0.0,0,0.0,0,0.0,0,0.0,0,0.0,0.0,0.0,0.0,0.0,0,0.0,0.0,0,0,0.0,0.0,0,0.0,0,0,0,0,0.0,0,0,0,0,0,0,0.0,0.0,0.0141925906003448
106,010018501.pdf,0,0.0,0.0,0,0.0,0,0,0,0.0,0,0,0,0,0.0,0.0,0.0,0.0,0,0,0,0.0,0.0,0.0,0,0.002088318160922733,0,0.0010745471747018308,0,0.0009246941935386203,0,0,0.0,0,0.0,0,0.0,0,0.0,0,0.0,0.0,0.0,0.0,0.0,0,0.0025910916657157653,0.0,0,0,0.0,0.0,0,0.0,0,0,0,0,0.0009053650229837795,0,0,0,0,0,0,0.0021490943494036617,0.0007954182658076362,0.006397018658291798
