Document_1,brousse tigrée,shrubland,erosion,loss of soil,savannization,artificialisation,fallow,artificialization,urbanization,urban,city,desertification,agricultural land,agricultural decline,stop of culture,culture,pastoralisme,savane,land use without pasture,deforestation,reforestation,afforestation,cultivation,urbanisation,urban development,grass land,savanna,annual crop,cereals,maize,corn,irrigated rice,rainfed rice,paddy,oats,rye,sorghum,durra,great millet,millets,barley,resistant starch,mixed cereals,vegetables,hegari,leafy vegetables,stem vegetables,artichokes,rice,globe artichokes,asparagus,cabbages,cauliflowers,broccoli,calabrese,sprouting broccoli ,lettuce,spinach,chicory,fruit,fruit bearing vegetables,cucumbers,gherkins,eggplants,tomatoes,watermelons,water melons,muskmelons,melons,pumpkin,squash,gourds,root bulb,tuberous vegetables,carrots,onions,taro,cocoyam,dasheen,turnips,field mustard,indian rape,garlic,agroforestry,leeks,alliaceous vegetables,oilseed crops,groundnuts,monkeynuts,peanuts,castor bean,castor seed,linseed,flaxseed,mustard,cake of mustard seed,mustard cake,mustard oil cake,mustard oil meal,niger seed,rapeseed,canola,colza,safflower,sesame,sunflower,root crop,tuber crop,cassava,mandioca,manioc,yuca,potatoes,irish potato,sweet potatoes,sweetpotatoes,yams,leguminous crops,beans,peas,field pea,garden pea,soya beans,soja beans,grasses,fodder crops,fibre crops,cotton,fruit crops,orchards,kiwifruit,citrus,citrus fruits,pineapples,guava,pomegranate,persimmon,papayas,pawpaw,carica papaya,mangoes,nuts,cashew,pecan,pistachios,agroforestery,savannah,savannah with shrubs,crop,shrubs,shrub land,grassland,meadows,evergreen forest,mixed forests,mediterranean mixed forests,tiger bush,bare soil,build-up surface,build up surface,roads,water,water bodies,Document
Document_1,0.0,0.0,0.0,0.0,0.0,0.0,0.0,0.0,0.023174488732966077,0.0,0.0,0.0,0.0,0.0,0.0,0.0,0.0,0.0,0.0,0.4171407971933894,0.023174488732966077,0.046348977465932154,0.0,0.0,0.0,0.0,0.0,0.0,0.0,0.0,0.0,0.0,0.0,0.0,0.0,0.0,0.0,0.0,0.0,0.0,0.0,0.0,0.0,0.0,0.0,0.0,0.0,0.0,0.0,0.0,0.0,0.0,0.0,0.0,0.0,0.0,0.0,0.0,0.0,0.0,0.0,0.0,0.0,0.0,0.0,0.0,0.0,0.0,0.0,0.0,0.0,0.0,0.0,0.0,0.0,0.0,0.0,0.0,0.0,0.0,0.0,0.0,0.0,0.0,0.0,0.0,0.0,0.0,0.0,0.0,0.0,0.0,0.0,0.0,0.0,0.0,0.0,0.0,0.0,0.0,0.0,0.0,0.0,0.0,0.0,0.0,0.0,0.0,0.0,0.0,0.0,0.0,0.0,0.0,0.0,0.0,0.0,0.0,0.0,0.0,0.0,0.0,0.0,0.0,0.0,0.0,0.0,0.0,0.0,0.0,0.0,0.0,0.0,0.0,0.0,0.0,0.0,0.0,0.0,0.0,0.0,0.0,0.0,0.0,0.0,0.0,0.046348977465932154,0.0,0.8342815943867788,0.0,0.0,0.13904693239779647,0.0,0.0,0.0,0.0,0.0,0.0,0.0,0.0,0.0,0.3244428422615251,0.0,sustainability-09-01917-v2.pdf
Document_1,0.0,0.0,0.0,0.0,0.0,0.0,0.06240105333867061,0.0,0.0,0.015600263334667653,0.015600263334667653,0.0,0.0,0.0,0.0,0.015600263334667653,0.0,0.0,0.0,0.0,0.0,0.0,0.14040237001200886,0.0,0.0,0.0,0.10920184334267356,0.0,0.0,0.015600263334667653,0.0,0.0,0.0,0.0,0.0,0.0,0.0,0.0,0.0,0.0,0.0,0.0,0.0,0.0,0.0,0.0,0.0,0.0,0.04680079000400296,0.0,0.0,0.0,0.0,0.0,0.0,0.0,0.0,0.0,0.0,0.0,0.0,0.0,0.0,0.0,0.0,0.0,0.0,0.0,0.0,0.0,0.0,0.0,0.0,0.0,0.0,0.0,0.0,0.0,0.0,0.0,0.0,0.0,0.0,0.0,0.0,0.0,0.0,0.0,0.0,0.0,0.0,0.0,0.0,0.0,0.0,0.0,0.0,0.0,0.0,0.0,0.0,0.0,0.0,0.0,0.0,0.0,0.0,0.0,0.0,0.0,0.0,0.0,0.0,0.0,0.0,0.0,0.0,0.0,0.0,0.0,0.0,0.0,0.0,0.0,0.0,0.0,0.0,0.04680079000400296,0.0,0.0,0.0,0.0,0.0,0.0,0.0,0.0,0.0,0.0,0.0,0.0,0.0,0.0,0.0,0.0,0.0,0.0,0.0,0.0,0.8424142200720532,0.0,0.0,0.015600263334667653,0.0,0.0,0.0,0.0,0.0,0.0,0.0,0.0,0.0,0.4992084267093649,0.0,s10745-016-9846-5.pdf
Document_1,0.0,0.0,0.0,0.0,0.0,0.0,0.39467610868816316,0.0,0.0,0.08770580193070293,0.0,0.0,0.0,0.0,0.0,0.0,0.0,0.0,0.0,0.08770580193070293,0.0,0.0,0.043852900965351466,0.0,0.0,0.0,0.7893522173763263,0.0,0.0,0.043852900965351466,0.043852900965351466,0.0,0.0,0.0,0.0,0.0,0.0,0.0,0.0,0.0,0.0,0.0,0.0,0.0,0.0,0.0,0.0,0.0,0.0,0.0,0.0,0.0,0.0,0.0,0.0,0.0,0.0,0.0,0.0,0.0,0.0,0.0,0.0,0.0,0.0,0.0,0.0,0.0,0.0,0.0,0.0,0.0,0.0,0.0,0.0,0.0,0.0,0.0,0.0,0.0,0.0,0.0,0.0,0.0,0.0,0.0,0.0,0.0,0.0,0.0,0.0,0.0,0.0,0.0,0.0,0.0,0.0,0.0,0.0,0.0,0.0,0.0,0.0,0.0,0.0,0.0,0.0,0.0,0.0,0.0,0.043852900965351466,0.0,0.0,0.0,0.0,0.0,0.0,0.0,0.0,0.0,0.0,0.0,0.0,0.0,0.0,0.0,0.0,0.043852900965351466,0.0,0.0,0.0,0.0,0.0,0.0,0.0,0.0,0.0,0.0,0.0,0.0,0.0,0.0,0.0,0.0,0.0,0.0,0.043852900965351466,0.0,0.3508232077228117,0.0,0.0,0.0,0.0,0.0,0.0,0.0,0.0,0.0,0.0,0.0,0.043852900965351466,0.2631174057921088,0.0,010068408.pdf
Document_1,0.0,0.0,0.021494196007305365,0.0,0.0,0.0,0.8597678402922146,0.0,0.0,0.021494196007305365,0.0,0.0,0.0,0.0,0.0,0.0,0.0,0.0,0.0,0.0,0.0,0.0,0.09672388203287414,0.0,0.0,0.0,0.0,0.0,0.0,0.03224129401095805,0.010747098003652682,0.0,0.0,0.0,0.0,0.0,0.0,0.0,0.0,0.0,0.0,0.0,0.0,0.0,0.0,0.0,0.0,0.0,0.010747098003652682,0.0,0.0,0.0,0.0,0.0,0.0,0.0,0.0,0.0,0.0,0.04298839201461073,0.0,0.0,0.0,0.0,0.0,0.0,0.0,0.0,0.0,0.0,0.0,0.0,0.0,0.0,0.0,0.0,0.0,0.021494196007305365,0.0,0.0,0.0,0.0,0.0,0.010747098003652682,0.0,0.0,0.0,0.0,0.0,0.0,0.0,0.0,0.0,0.0,0.0,0.0,0.0,0.0,0.0,0.0,0.0,0.0,0.0,0.0,0.0,0.0,0.0,0.0,0.03224129401095805,0.0,0.0,0.0,0.0,0.0,0.0,0.0,0.0,0.0,0.0,0.0,0.0,0.0,0.0,0.0,0.0,0.0,0.0,0.0,0.0,0.0,0.0,0.0,0.0,0.0,0.0,0.0,0.0,0.0,0.010747098003652682,0.0,0.0,0.010747098003652682,0.010747098003652682,0.0,0.0,0.0,0.0,0.0,0.4836194101643707,0.0,0.0,0.0,0.0,0.0,0.0,0.0,0.0,0.0,0.0,0.0,0.0,0.10747098003652683,0.0,1-s2.0-S030438781000043X-mainext.pdf
Document_1,0.0,0.0,0.0,0.0,0.0,0.0,0.0,0.0,0.0,0.005893989250858694,0.0,0.005893989250858694,0.0,0.0,0.0,0.005893989250858694,0.0,0.0,0.0,0.9960841833951193,0.0,0.0,0.005893989250858694,0.0,0.0,0.0,0.0,0.0,0.0,0.0,0.0,0.0,0.0,0.0,0.0,0.0,0.0,0.0,0.0,0.0,0.0,0.0,0.0,0.0,0.0,0.0,0.0,0.0,0.0,0.0,0.0,0.0,0.0,0.0,0.0,0.0,0.0,0.0,0.0,0.0,0.0,0.0,0.0,0.0,0.0,0.0,0.0,0.0,0.0,0.0,0.0,0.0,0.0,0.0,0.0,0.0,0.0,0.0,0.0,0.0,0.0,0.0,0.0,0.0,0.0,0.0,0.0,0.0,0.0,0.0,0.0,0.0,0.0,0.0,0.0,0.0,0.0,0.0,0.0,0.0,0.0,0.0,0.0,0.0,0.0,0.0,0.0,0.0,0.0,0.0,0.0,0.0,0.0,0.0,0.0,0.0,0.0,0.0,0.0,0.0,0.0,0.0,0.0,0.0,0.0,0.0,0.0,0.0,0.0,0.0,0.0,0.0,0.0,0.0,0.0,0.0,0.0,0.0,0.0,0.0,0.0,0.0,0.0,0.0,0.0,0.0,0.0,0.0,0.05893989250858694,0.0,0.0,0.0,0.0,0.0,0.0,0.0,0.0,0.0,0.0,0.0,0.0,0.06483388175944563,0.0,nclimate2430.pdf
Document_1,0.0,0.0,0.07138306102482497,0.0,0.0,0.0,0.0,0.0,0.0,0.14276612204964995,0.0,0.03569153051241249,0.0,0.0,0.0,0.0,0.0,0.0,0.0,0.10707459153723745,0.0,0.0,0.0,0.0,0.0,0.0,0.9636713238351371,0.0,0.0,0.0,0.0,0.0,0.0,0.0,0.0,0.0,0.0,0.0,0.0,0.0,0.0,0.0,0.0,0.0,0.0,0.0,0.0,0.0,0.0,0.0,0.0,0.0,0.0,0.0,0.0,0.0,0.0,0.0,0.0,0.0,0.0,0.0,0.0,0.0,0.0,0.0,0.0,0.0,0.0,0.0,0.0,0.0,0.0,0.0,0.0,0.0,0.0,0.0,0.0,0.0,0.0,0.0,0.0,0.0,0.0,0.0,0.0,0.0,0.0,0.0,0.0,0.0,0.0,0.0,0.0,0.0,0.0,0.0,0.0,0.0,0.0,0.0,0.0,0.0,0.0,0.0,0.0,0.0,0.0,0.0,0.0,0.0,0.0,0.0,0.0,0.0,0.0,0.0,0.0,0.0,0.0,0.0,0.0,0.0,0.0,0.0,0.0,0.0,0.0,0.0,0.0,0.0,0.0,0.0,0.0,0.0,0.0,0.0,0.0,0.0,0.0,0.0,0.0,0.0,0.0,0.0,0.0,0.0,0.03569153051241249,0.0,0.0,0.0,0.0,0.0,0.0,0.0,0.0,0.0,0.0,0.0,0.0,0.17845765256206242,0.0,ajol-file-journals_90_articles_224756_submission_proof_224756-1069-548532-1-10-20220505.pdf
Document_1,0.0,0.0,0.0,0.0,0.0,0.0,0.06008417681261097,0.0,0.0,0.0,0.0,0.0,0.0,0.0,0.0,0.0,0.0,0.0,0.0,0.4205892376882768,0.0,0.0,0.30042088406305484,0.0,0.0,0.0,0.1802525304378329,0.0,0.0,0.06008417681261097,0.0,0.0,0.0,0.0,0.0,0.0,0.0,0.0,0.0,0.0,0.0,0.0,0.0,0.0,0.0,0.0,0.0,0.0,0.0,0.0,0.0,0.0,0.0,0.0,0.0,0.0,0.0,0.0,0.0,0.0,0.0,0.0,0.0,0.0,0.0,0.0,0.0,0.0,0.0,0.0,0.0,0.0,0.0,0.0,0.0,0.0,0.0,0.0,0.0,0.0,0.0,0.0,0.0,0.0,0.0,0.0,0.0,0.0,0.0,0.0,0.0,0.0,0.0,0.0,0.0,0.0,0.0,0.0,0.0,0.0,0.0,0.0,0.0,0.0,0.0,0.0,0.0,0.0,0.0,0.0,0.0,0.0,0.0,0.0,0.0,0.0,0.0,0.0,0.0,0.0,0.0,0.0,0.0,0.0,0.0,0.0,0.0,0.1802525304378329,0.0,0.0,0.0,0.0,0.0,0.0,0.0,0.0,0.0,0.0,0.0,0.0,0.0,0.0,0.1802525304378329,0.0,0.0,0.0,0.12016835362522194,0.0,0.7810942985639425,0.0,0.0,0.06008417681261097,0.0,0.0,0.0,0.0,0.0,0.0,0.0,0.0,0.0,0.0,0.0,1-s2.0-S016788090800131X-main.pdf
Document_1,0.0,0.0,0.206901472150592,0.0,0.0,0.0,0.17931460919717973,0.0,0.0,0.027586862953412266,0.013793431476706133,0.13793431476706133,0.0,0.0,0.0,0.013793431476706133,0.0,0.0,0.0,0.19310804067388584,0.027586862953412266,0.05517372590682453,0.027586862953412266,0.0,0.0,0.0,0.013793431476706133,0.0,0.0,0.0,0.013793431476706133,0.0,0.0,0.0,0.0,0.027586862953412266,0.027586862953412266,0.0,0.0,0.0,0.013793431476706133,0.0,0.0,0.0,0.0,0.0,0.0,0.0,0.0,0.0,0.0,0.0,0.0,0.0,0.0,0.0,0.0,0.0,0.0,0.05517372590682453,0.0,0.0,0.0,0.0,0.0,0.0,0.0,0.0,0.0,0.0,0.0,0.0,0.0,0.0,0.0,0.0,0.0,0.0,0.0,0.0,0.0,0.0,0.0,0.12414088329035519,0.0,0.0,0.0,0.0,0.0,0.0,0.0,0.0,0.0,0.0,0.0,0.0,0.0,0.0,0.0,0.0,0.0,0.0,0.0,0.0,0.0,0.013793431476706133,0.0,0.0,0.0,0.0,0.0,0.0,0.0,0.0,0.0,0.0,0.0,0.0,0.0,0.0,0.0,0.0,0.0,0.0,0.0,0.0,0.0,0.013793431476706133,0.0,0.0,0.0,0.0,0.0,0.0,0.0,0.0,0.0,0.0,0.0,0.0,0.0,0.0,0.0,0.0,0.0,0.0,0.0,0.0,0.620704416451776,0.0,0.0,0.0,0.0,0.0,0.0,0.0,0.0,0.0,0.0,0.0,0.0,0.6758781423586004,0.0,s2.pdf
Document_1,0.0,0.0,0.0,0.0,0.0,0.0,0.0,0.0,0.026592442733393205,0.9883524549244473,0.14182636124476375,0.0,0.0,0.0,0.0,0.004432073788898867,0.0,0.0,0.0,0.004432073788898867,0.0,0.0,0.0,0.026592442733393205,0.0,0.0,0.0,0.0,0.0,0.004432073788898867,0.0,0.0,0.0,0.0,0.0,0.0,0.004432073788898867,0.0,0.0,0.0,0.0,0.0,0.0,0.0,0.0,0.0,0.0,0.0,0.0,0.0,0.0,0.0,0.0,0.0,0.0,0.0,0.0,0.0,0.0,0.0,0.0,0.0,0.0,0.0,0.0,0.0,0.0,0.0,0.0,0.0,0.0,0.0,0.0,0.0,0.0,0.0,0.0,0.0,0.0,0.0,0.0,0.0,0.0,0.0,0.0,0.0,0.0,0.0,0.0,0.0,0.0,0.0,0.0,0.0,0.0,0.0,0.0,0.0,0.0,0.0,0.0,0.0,0.0,0.0,0.0,0.0,0.0,0.0,0.0,0.0,0.0,0.0,0.0,0.0,0.0,0.0,0.0,0.0,0.0,0.0,0.0,0.0,0.0,0.0,0.0,0.0,0.0,0.0,0.0,0.0,0.0,0.0,0.0,0.0,0.0,0.0,0.0,0.0,0.0,0.0,0.0,0.0,0.0,0.0,0.0,0.0,0.03102451652229207,0.0,0.008864147577797734,0.0,0.0,0.004432073788898867,0.0,0.0,0.0,0.0,0.0,0.0,0.0,0.0,0.0,0.022160368944494337,0.0,1-s2.0-S0169204617300270-main.pdf
Document_1,0.0,0.024945491291633412,0.4739643345410348,0.0,0.0,0.0,0.0,0.0,0.0,0.049890982583266824,0.0,0.6236372822908353,0.0,0.0,0.0,0.0,0.0,0.0,0.0,0.0,0.0,0.0,0.14967294774980047,0.0,0.0,0.0,0.024945491291633412,0.0,0.0,0.0,0.0,0.0,0.0,0.0,0.0,0.0,0.0,0.0,0.0,0.0,0.0,0.0,0.0,0.0,0.0,0.0,0.0,0.0,0.024945491291633412,0.0,0.0,0.0,0.0,0.0,0.0,0.0,0.0,0.0,0.0,0.024945491291633412,0.0,0.0,0.0,0.0,0.0,0.0,0.0,0.0,0.0,0.0,0.0,0.0,0.0,0.0,0.0,0.0,0.0,0.0,0.0,0.0,0.0,0.0,0.0,0.0,0.0,0.0,0.0,0.0,0.0,0.0,0.0,0.0,0.0,0.0,0.0,0.0,0.0,0.0,0.0,0.0,0.0,0.0,0.0,0.0,0.0,0.0,0.0,0.0,0.0,0.0,0.0,0.0,0.0,0.0,0.0,0.0,0.0,0.0,0.0,0.0,0.0,0.0,0.0,0.0,0.0,0.0,0.0,0.0,0.0,0.0,0.0,0.0,0.0,0.0,0.0,0.0,0.0,0.0,0.0,0.0,0.0,0.0,0.0,0.0,0.0,0.0,0.0,0.0,0.0,0.0,0.0,0.024945491291633412,0.0,0.0,0.0,0.0,0.0,0.0,0.0,0.0,0.0,0.5986917909992019,0.0,BF00806418.pdf
Document_1,0.0,0.0,0.04987934439269988,0.0,0.02493967219634994,0.0,0.01246983609817497,0.0,0.01246983609817497,0.0,0.0,0.9352377073631227,0.0,0.0,0.0,0.01246983609817497,0.0,0.0,0.0,0.07481901658904981,0.0,0.01246983609817497,0.08728885268722479,0.0,0.0,0.0,0.04987934439269988,0.0,0.0,0.0,0.0,0.0,0.0,0.0,0.0,0.0,0.0,0.0,0.0,0.0,0.0,0.0,0.0,0.0,0.0,0.0,0.0,0.0,0.0,0.0,0.0,0.0,0.0,0.0,0.0,0.0,0.0,0.0,0.0,0.0,0.0,0.0,0.0,0.0,0.0,0.0,0.0,0.0,0.0,0.0,0.0,0.0,0.0,0.0,0.0,0.0,0.0,0.0,0.0,0.0,0.0,0.0,0.0,0.0,0.0,0.0,0.0,0.0,0.0,0.0,0.0,0.0,0.0,0.0,0.0,0.0,0.0,0.0,0.0,0.0,0.0,0.0,0.0,0.0,0.0,0.0,0.0,0.0,0.0,0.0,0.0,0.0,0.0,0.0,0.0,0.0,0.0,0.0,0.0,0.0,0.0,0.0,0.0,0.0,0.0,0.0,0.0,0.0,0.0,0.0,0.0,0.0,0.0,0.0,0.0,0.0,0.0,0.0,0.0,0.0,0.0,0.0,0.0,0.0,0.0,0.0,0.3117459024543742,0.0,0.04987934439269988,0.0,0.0,0.02493967219634994,0.0,0.0,0.0,0.0,0.0,0.0,0.0,0.0,0.0,0.07481901658904981,0.0,"editor,+3.+178-478-1-LE.pdf"
Document_1,0.0,0.0,0.0,0.0,0.0,0.0,0.0,0.0,0.3867073514312212,0.48679631297812553,0.7825136993667065,0.0,0.0,0.0,0.0,0.013648494756396042,0.0,0.0,0.0,0.0,0.0,0.0,0.0,0.009098996504264028,0.0,0.0,0.0,0.0,0.0,0.0,0.0,0.0,0.0,0.0,0.0,0.0,0.0,0.0,0.0,0.0,0.0,0.0,0.0,0.0,0.0,0.0,0.0,0.0,0.0,0.0,0.0,0.0,0.0,0.0,0.0,0.0,0.0,0.0,0.0,0.0,0.0,0.0,0.0,0.0,0.0,0.0,0.0,0.0,0.0,0.0,0.0,0.0,0.0,0.0,0.0,0.0,0.0,0.0,0.0,0.0,0.0,0.0,0.0,0.0,0.0,0.0,0.0,0.0,0.0,0.0,0.0,0.0,0.0,0.0,0.0,0.0,0.0,0.0,0.0,0.0,0.0,0.0,0.0,0.0,0.0,0.0,0.0,0.0,0.0,0.0,0.0,0.0,0.0,0.0,0.0,0.0,0.0,0.0,0.0,0.0,0.0,0.0,0.0,0.0,0.0,0.0,0.0,0.004549498252132014,0.0,0.0,0.0,0.0,0.0,0.0,0.0,0.0,0.0,0.0,0.0,0.0,0.0,0.0,0.0,0.0,0.0,0.0,0.004549498252132014,0.0,0.018197993008528056,0.0,0.0,0.0,0.0,0.0,0.0,0.0,0.0,0.0,0.0,0.0,0.0,0.02274749126066007,0.0,1-s2.0-S0304387816300670-main.pdf
Document_1,0.0,0.0,0.26402159198198594,0.0,0.0,0.0,0.0,0.0,0.02933573244244288,0.05867146488488576,0.0,0.0,0.0,0.0,0.0,0.0,0.0,0.0,0.0,0.0,0.0,0.0,0.02933573244244288,0.0,0.0,0.0,0.0,0.0,0.0,0.0,0.0,0.0,0.0,0.0,0.0,0.0,0.0,0.0,0.0,0.0,0.0,0.0,0.0,0.0,0.0,0.0,0.0,0.0,0.0,0.0,0.0,0.0,0.0,0.0,0.0,0.0,0.0,0.0,0.0,0.0,0.0,0.0,0.0,0.0,0.0,0.0,0.0,0.0,0.0,0.0,0.0,0.0,0.0,0.0,0.0,0.0,0.0,0.0,0.0,0.0,0.0,0.0,0.0,0.11734292976977152,0.0,0.0,0.0,0.0,0.0,0.0,0.0,0.0,0.0,0.0,0.0,0.0,0.0,0.0,0.0,0.0,0.0,0.0,0.0,0.0,0.0,0.0,0.0,0.0,0.0,0.0,0.0,0.0,0.0,0.0,0.0,0.0,0.0,0.0,0.0,0.0,0.0,0.0,0.0,0.0,0.0,0.0,0.0,0.0,0.0,0.0,0.0,0.0,0.0,0.0,0.0,0.0,0.0,0.0,0.0,0.0,0.0,0.0,0.0,0.0,0.0,0.0,0.11734292976977152,0.0,0.7920647759459577,0.0,0.0,0.49870745152152895,0.0,0.0,0.0,0.0,0.0,0.0,0.0,0.0,0.0,0.1466786622122144,0.0,s10113-015-0891-1.pdf
Document_1,0.0,0.0,0.0,0.0,0.0,0.0,0.0,0.0,0.0,0.0,0.0,0.0,0.0,0.0,0.0,0.0,0.0,0.0,0.0,0.0,0.0,0.0,0.0,0.0,0.0,0.0,0.0,0.0,0.0,0.0,0.0,0.0,0.0,0.0,0.0,0.0,0.0,0.0,0.0,0.0,0.0,0.0,0.0,0.0,0.0,0.0,0.0,0.0,0.0,0.0,0.0,0.0,0.0,0.0,0.0,0.0,0.0,0.0,0.0,0.0,0.0,0.0,0.0,0.0,0.0,0.0,0.0,0.0,0.0,0.0,0.0,0.0,0.0,0.0,0.0,0.0,0.0,0.0,0.0,0.0,0.0,0.0,0.0,0.0,0.0,0.0,0.0,0.0,0.0,0.0,0.0,0.0,0.0,0.0,0.0,0.0,0.0,0.0,0.0,0.0,0.0,0.0,0.0,0.0,0.0,0.0,0.0,0.0,0.0,0.0,0.0,0.0,0.0,0.0,0.0,0.0,0.0,0.0,0.0,0.0,0.0,0.0,0.0,0.0,0.0,0.0,0.0,0.0,0.0,0.0,0.0,0.0,0.0,0.0,0.0,0.0,0.0,0.0,0.0,0.0,0.0,0.0,0.0,0.0,0.0,0.0,0.0,0.0,0.0,0.0,0.0,0.0,0.0,0.0,0.0,0.0,0.0,0.0,0.0,0.0,0.0,0.0,0.0,Population Development Rev - 2004 - Leach - Challenging Neo‐Malthusian Deforestation Analyses in West Africa s Dynamic.pdf
Document_1,0.0,0.0,0.17995393768717363,0.0,0.0,0.0,0.0,0.0,0.0,0.035990787537434725,0.0,0.6838249632112599,0.0,0.0,0.0,0.0,0.0,0.0,0.0,0.035990787537434725,0.0,0.0,0.10797236261230418,0.0,0.0,0.0,0.1439631501497389,0.0,0.0,0.0,0.0,0.0,0.0,0.0,0.0,0.0,0.035990787537434725,0.0,0.0,0.0,0.0,0.0,0.0,0.0,0.0,0.0,0.0,0.0,0.0,0.0,0.0,0.0,0.0,0.0,0.0,0.0,0.0,0.0,0.0,0.0,0.0,0.0,0.0,0.0,0.0,0.0,0.0,0.0,0.0,0.0,0.0,0.0,0.0,0.0,0.0,0.0,0.0,0.0,0.0,0.0,0.0,0.0,0.0,0.1439631501497389,0.0,0.0,0.0,0.0,0.0,0.0,0.0,0.0,0.0,0.0,0.0,0.0,0.0,0.0,0.0,0.0,0.0,0.0,0.0,0.0,0.0,0.0,0.0,0.0,0.0,0.0,0.0,0.0,0.0,0.0,0.0,0.0,0.0,0.0,0.0,0.0,0.0,0.0,0.0,0.0,0.0,0.0,0.0,0.0,0.0,0.0,0.0,0.0,0.0,0.0,0.0,0.0,0.0,0.0,0.0,0.0,0.0,0.0,0.0,0.0,0.0,0.0,0.0,0.0,0.32391708783691253,0.035990787537434725,0.0,0.07198157507486945,0.0,0.0,0.0,0.0,0.0,0.0,0.0,0.0,0.0,0.5758526005989556,0.0,remotesensing-07-04048-v2.pdf
Document_1,0.0,0.03171907120465377,0.03171907120465377,0.0,0.0,0.0,0.10308698141512473,0.0,0.0,0.0,0.007929767801163442,0.0,0.0,0.0,0.0,0.0,0.0,0.0,0.0,0.007929767801163442,0.007929767801163442,0.0,0.047578606806980644,0.0,0.0,0.0,0.023789303403490322,0.0,0.0,0.0,0.0,0.0,0.0,0.0,0.0,0.0,0.007929767801163442,0.0,0.0,0.0,0.0,0.0,0.0,0.0,0.0,0.0,0.0,0.0,0.0,0.0,0.0,0.0,0.0,0.0,0.0,0.0,0.0,0.0,0.0,0.0,0.0,0.0,0.0,0.0,0.0,0.0,0.0,0.0,0.0,0.0,0.0,0.0,0.0,0.0,0.0,0.0,0.0,0.0,0.0,0.0,0.0,0.0,0.0,0.0,0.0,0.0,0.0,0.0,0.0,0.0,0.0,0.0,0.0,0.0,0.0,0.0,0.0,0.0,0.0,0.0,0.0,0.0,0.0,0.0,0.0,0.0,0.0,0.0,0.0,0.0,0.0,0.0,0.0,0.0,0.0,0.0,0.0,0.0,0.0,0.0,0.0,0.0,0.0,0.0,0.0,0.0,0.0,0.03171907120465377,0.0,0.0,0.0,0.0,0.0,0.0,0.0,0.0,0.0,0.0,0.0,0.0,0.0,0.0,0.0,0.0,0.0,0.0,0.015859535602326884,0.0,0.9832912073442667,0.0,0.0,0.007929767801163442,0.0,0.0,0.0,0.0,0.0,0.0,0.0,0.0,0.0,0.12687628481861507,0.0,1-s2.0-S0140196313000608-main.pdf
Document_1,0.0,0.0,0.0,0.0,0.0,0.0,0.03734568434866355,0.0,0.0,0.11203705304599065,0.0746913686973271,0.0,0.0,0.0,0.0,0.0,0.0,0.03734568434866355,0.0,0.03734568434866355,0.0,0.0,0.0746913686973271,0.0,0.0,0.0,0.37345684348663555,0.0,0.0,0.0,0.0,0.0,0.0,0.0,0.0,0.0,0.0,0.0,0.0,0.0,0.0,0.0,0.0,0.0,0.0,0.0,0.0,0.0,0.0,0.0,0.0,0.0,0.0,0.0,0.0,0.0,0.0,0.0,0.0,0.7842593713219346,0.0,0.0,0.0,0.0,0.0,0.0,0.0,0.0,0.0,0.0,0.0,0.0,0.0,0.0,0.0,0.03734568434866355,0.0,0.0,0.0,0.0,0.0,0.0,0.0,0.2240741060919813,0.0,0.0,0.0,0.0,0.0,0.0,0.0,0.0,0.0,0.0,0.0,0.0,0.0,0.0,0.0,0.0,0.0,0.0,0.0,0.0,0.03734568434866355,0.0,0.0,0.0,0.0,0.0,0.0,0.0,0.0,0.0,0.0,0.0,0.0,0.0,0.0,0.0,0.0,0.0,0.0,0.0,0.0,0.0,0.0,0.03734568434866355,0.0,0.0,0.0,0.0,0.0,0.0,0.0,0.0,0.0,0.0,0.0,0.0,0.0,0.0,0.03734568434866355,0.0,0.0,0.0,0.0,0.0,0.37345684348663555,0.0,0.0,0.0,0.0,0.0,0.0,0.0,0.0,0.0,0.0,0.0,0.0,0.1493827373946542,0.0,s12231-012-9216-1.pdf
Document_1,0.0,0.0,0.13275887796339808,0.0,0.0,0.0,0.01659485974542476,0.0,0.0,0.005531619915141587,0.0,0.0,0.0,0.0,0.0,0.01659485974542476,0.0,0.0,0.0,0.0,0.0,0.0,0.01659485974542476,0.0,0.0,0.0,0.0,0.0,0.0,0.12169563813311492,0.06084781906655746,0.0,0.0,0.027658099575707935,0.0,0.0,0.01659485974542476,0.0,0.0,0.0,0.03318971949084952,0.0,0.0,0.0,0.0,0.0,0.0,0.0,0.13275887796339808,0.0,0.0,0.0,0.0,0.0,0.0,0.0,0.0,0.0,0.0,0.0,0.0,0.0,0.0,0.0,0.0,0.0,0.0,0.0,0.0,0.005531619915141587,0.011063239830283175,0.0,0.0,0.0,0.0,0.0,0.0,0.0,0.0,0.0,0.0,0.0,0.0,0.0,0.0,0.0,0.0,0.0,0.0,0.0,0.0,0.0,0.0,0.0,0.0,0.0,0.0,0.0,0.0,0.0,0.0,0.0,0.0,0.0,0.0,0.0,0.0,0.0,0.0,0.0,0.0,0.0,0.0,0.0,0.0,0.0,0.0,0.0,0.0,0.0,0.0,0.0,0.0,0.0,0.0,0.0,0.0,0.0,0.0,0.0,0.0,0.0,0.0,0.0,0.0,0.0,0.0,0.0,0.0,0.0,0.0,0.0,0.0,0.0,0.0,0.0,0.0,0.0,0.8905908063377955,0.0,0.0,0.0,0.0,0.0,0.0,0.0,0.0,0.0,0.0,0.0,0.0,0.3872133940599111,0.0,1-s2.0-S0167880913003502-main.pdf
Document_1,0.0,0.04506666058420078,0.00643809436917154,0.0,0.0,0.0,0.15451426486011696,0.0,0.00643809436917154,0.00643809436917154,0.01287618873834308,0.0,0.0,0.0,0.0,0.00643809436917154,0.0,0.0,0.0,0.9077713060531871,0.07725713243005848,0.0,0.05150475495337232,0.0,0.0,0.0,0.0,0.0,0.0,0.0,0.0,0.0,0.0,0.0,0.0,0.0,0.0,0.0,0.0,0.0,0.0,0.0,0.0,0.0,0.0,0.0,0.0,0.0,0.01931428310751462,0.0,0.0,0.0,0.0,0.0,0.0,0.0,0.0,0.0,0.0,0.0,0.0,0.0,0.0,0.0,0.0,0.0,0.0,0.0,0.0,0.0,0.0,0.0,0.0,0.0,0.0,0.0,0.0,0.0,0.0,0.0,0.0,0.0,0.0,0.08369522679923001,0.0,0.0,0.0,0.0,0.0,0.0,0.0,0.0,0.0,0.0,0.0,0.0,0.0,0.0,0.0,0.0,0.0,0.0,0.0,0.0,0.0,0.0,0.0,0.0,0.00643809436917154,0.0,0.0,0.0,0.0,0.0,0.0,0.0,0.0,0.0,0.0,0.0,0.0,0.0,0.0,0.0,0.0,0.0,0.0,0.0,0.0,0.0,0.0,0.0,0.0,0.0,0.0,0.0,0.0,0.0,0.0,0.0,0.0,0.0,0.0,0.0,0.0,0.0,0.0,0.0,0.36053328467360624,0.0,0.0,0.05150475495337232,0.0,0.0,0.0,0.0,0.0,0.0,0.0,0.0,0.0,0.0321904718458577,0.0,Kouassi et al. - 2021 - Assessing Land Use and Land Cover Change and Farme.pdf
Document_1,0.0,0.0016887507522251647,0.1047025466379602,0.0,0.0,0.0,0.04053001805340395,0.0,0.09288129137238406,0.49480397040197327,0.09625879287683438,0.20433884101924493,0.0,0.0,0.0,0.04053001805340395,0.0,0.0,0.0,0.5961290155354831,0.023642510531152305,0.020265009026701974,0.14016631243468866,0.0,0.0,0.0,0.033775015044503295,0.0,0.0,0.03208626429227813,0.013510006017801317,0.0,0.0,0.020265009026701974,0.0,0.0,0.0016887507522251647,0.0,0.0,0.0,0.0016887507522251647,0.0,0.0,0.0,0.0,0.0,0.0,0.0,0.06079502708010593,0.0,0.0,0.0,0.0,0.0,0.0,0.0,0.0,0.0,0.0,0.011821255265576152,0.0,0.0,0.0,0.0,0.0,0.0,0.0,0.0,0.0,0.0,0.0016887507522251647,0.0,0.0,0.0,0.0,0.0,0.0033775015044503294,0.0,0.0,0.0,0.0,0.0,0.0,0.01857625827447681,0.0,0.0,0.0,0.0,0.0,0.0,0.0,0.0,0.0,0.0,0.06079502708010593,0.0,0.0,0.0,0.0,0.0,0.0,0.0,0.0,0.0,0.0033775015044503294,0.0,0.0,0.0,0.010132504513350987,0.0,0.0033775015044503294,0.0,0.0,0.0,0.0,0.0,0.0,0.0,0.0,0.0016887507522251647,0.0,0.0,0.0,0.0,0.0,0.0,0.0,0.035463765796728455,0.0,0.0,0.0,0.0,0.0,0.0,0.0,0.0,0.0,0.0,0.0,0.0,0.0,0.0,0.0033775015044503294,0.0,0.0,0.0,0.0016887507522251647,0.0,0.3343726489405826,0.0,0.0,0.08612628836348339,0.0033775015044503294,0.0,0.0,0.0,0.0,0.0,0.0,0.0,0.0,0.4171214357996157,0.0,3-540-32202-7.pdf
Document_1,0.0,0.0,0.0,0.0,0.0,0.0,0.6030226891555273,0.0,0.0,0.0,0.0,0.0,0.0,0.0,0.0,0.30151134457776363,0.0,0.0,0.0,0.0,0.30151134457776363,0.0,0.0,0.0,0.0,0.0,0.0,0.0,0.0,0.0,0.0,0.0,0.0,0.0,0.0,0.0,0.0,0.0,0.0,0.0,0.0,0.0,0.0,0.0,0.0,0.0,0.0,0.0,0.0,0.0,0.0,0.0,0.0,0.0,0.0,0.0,0.0,0.0,0.0,0.0,0.0,0.0,0.0,0.0,0.0,0.0,0.0,0.0,0.0,0.0,0.0,0.0,0.0,0.0,0.0,0.0,0.0,0.0,0.0,0.0,0.0,0.0,0.0,0.0,0.0,0.0,0.0,0.0,0.0,0.0,0.0,0.0,0.0,0.0,0.0,0.0,0.0,0.0,0.0,0.0,0.0,0.0,0.0,0.0,0.0,0.0,0.0,0.0,0.0,0.0,0.0,0.0,0.0,0.0,0.0,0.0,0.0,0.0,0.0,0.0,0.0,0.0,0.0,0.0,0.0,0.0,0.0,0.0,0.0,0.0,0.0,0.0,0.0,0.0,0.0,0.0,0.0,0.0,0.0,0.0,0.0,0.0,0.0,0.0,0.0,0.0,0.0,0.0,0.30151134457776363,0.0,0.0,0.0,0.0,0.0,0.0,0.0,0.0,0.0,0.0,0.0,0.0,0.6030226891555273,0.0,remotesensing-13-03767.pdf
Document_1,0.0,0.0,0.0,0.0,0.0,0.0,0.0,0.0,0.0,0.1257389226923863,0.020956487115397715,0.0,0.0,0.0,0.0,0.0,0.0,0.0,0.0,0.0,0.020956487115397715,0.0,0.020956487115397715,0.0,0.0,0.0,0.0,0.0,0.0,0.0,0.0,0.0,0.0,0.0,0.0,0.0,0.020956487115397715,0.0,0.0,0.0,0.0,0.0,0.0,0.0,0.0,0.0,0.0,0.0,0.020956487115397715,0.0,0.0,0.0,0.0,0.0,0.0,0.0,0.0,0.0,0.0,0.0,0.0,0.0,0.0,0.0,0.0,0.0,0.0,0.0,0.0,0.0,0.0,0.0,0.0,0.0,0.0,0.0,0.0,0.0,0.0,0.0,0.0,0.0,0.0,0.0,0.0,0.0,0.0,0.0,0.0,0.0,0.0,0.0,0.0,0.0,0.0,0.0,0.0,0.0,0.0,0.0,0.0,0.0,0.0,0.0,0.0,0.0,0.0,0.0,0.0,0.0,0.0,0.0,0.0,0.0,0.0,0.0,0.0,0.0,0.0,0.0,0.0,0.0,0.0,0.0,0.0,0.0,0.0,0.0,0.0,0.0,0.0,0.0,0.0,0.0,0.0,0.0,0.0,0.0,0.0,0.0,0.0,0.0,0.0,0.0,0.0,0.0,0.440086229423352,0.0,0.16765189692318172,0.0,0.0,0.146695409807784,0.0,0.0,0.0,0.0,0.0,0.0,0.0,0.0,0.020956487115397715,0.8592159717313064,0.0,1-s2.0-S0924271618302570-main.pdf
Document_1,0.0,0.003930464172188597,0.003930464172188597,0.0,0.0,0.0,0.0,0.0,0.0,0.003930464172188597,0.0,0.9983378997359037,0.0,0.0,0.0,0.0,0.0,0.0,0.0,0.007860928344377195,0.003930464172188597,0.003930464172188597,0.0,0.0,0.0,0.0,0.02751324920532018,0.0,0.0,0.0,0.0,0.0,0.0,0.0,0.0,0.0,0.0,0.0,0.0,0.0,0.0,0.0,0.0,0.0,0.0,0.0,0.0,0.0,0.0,0.0,0.0,0.0,0.0,0.0,0.0,0.0,0.0,0.0,0.0,0.0,0.0,0.0,0.0,0.0,0.0,0.0,0.0,0.0,0.0,0.0,0.0,0.0,0.0,0.0,0.0,0.0,0.0,0.0,0.0,0.0,0.0,0.0,0.0,0.0,0.0,0.0,0.0,0.0,0.0,0.0,0.0,0.0,0.0,0.0,0.0,0.0,0.0,0.0,0.0,0.0,0.0,0.0,0.0,0.0,0.0,0.0,0.0,0.0,0.0,0.0,0.0,0.0,0.0,0.0,0.0,0.0,0.0,0.0,0.0,0.0,0.0,0.0,0.0,0.0,0.0,0.0,0.0,0.0,0.0,0.0,0.0,0.0,0.0,0.0,0.0,0.0,0.0,0.0,0.0,0.0,0.0,0.0,0.0,0.0,0.0,0.0,0.007860928344377195,0.0,0.0,0.0,0.0,0.047165570066263166,0.0,0.0,0.0,0.0,0.0,0.0,0.0,0.0,0.0,0.011791392516565791,0.0,1-s2.0-S0341816222001990-main.pdf
Document_1,0.0,0.0,0.08159971436819362,0.0,0.0,0.0,0.16319942873638724,0.0,0.0,0.46628408210396355,0.09325681642079271,0.0,0.0,0.0,0.0,0.08159971436819362,0.0,0.0,0.0,0.08159971436819362,0.0,0.0,0.09325681642079271,0.17485653078898633,0.0,0.0,0.011657102052599089,0.0,0.0,0.11657102052599089,0.0,0.0,0.0,0.0,0.0,0.0,0.046628408210396356,0.0,0.0,0.0,0.0,0.0,0.0,0.0,0.0,0.0,0.0,0.0,0.09325681642079271,0.0,0.0,0.0,0.0,0.0,0.0,0.0,0.0,0.0,0.0,0.011657102052599089,0.0,0.0,0.0,0.0,0.0,0.0,0.0,0.0,0.0,0.0,0.0,0.0,0.0,0.0,0.0,0.0,0.0,0.0,0.0,0.0,0.0,0.0,0.0,0.023314204105198178,0.0,0.0,0.0,0.0,0.0,0.0,0.0,0.0,0.0,0.0,0.0,0.0,0.0,0.0,0.0,0.0,0.0,0.0,0.0,0.0,0.0,0.0,0.0,0.0,0.0,0.0,0.0,0.0,0.0,0.0,0.0,0.0,0.0,0.0,0.0,0.0,0.0,0.0,0.0,0.0,0.0,0.0,0.0,0.046628408210396356,0.0,0.0,0.0,0.0,0.0,0.0,0.0,0.0,0.0,0.0,0.0,0.0,0.0,0.0,0.0,0.0,0.0,0.0,0.17485653078898633,0.0,0.6411406128929499,0.0,0.0,0.22148493899938268,0.0,0.0,0.0,0.0,0.0,0.0,0.0,0.0,0.058285510262995444,0.4079985718409681,0.0,1-s2.0-S0301479717300713-main.pdf
Document_1,0.0,0.0,0.0,0.0,0.0,0.0,0.10717354950741256,0.0,0.0,0.06124202828995004,0.01531050707248751,0.0,0.0,0.0,0.0,0.0,0.0,0.01531050707248751,0.0,0.06124202828995004,0.0,0.0,0.0,0.0,0.0,0.0,0.9798724526392006,0.0,0.0,0.0,0.0,0.0,0.0,0.0,0.0,0.0,0.0,0.0,0.0,0.0,0.0,0.0,0.0,0.0,0.0,0.0,0.0,0.0,0.0,0.0,0.0,0.0,0.0,0.0,0.0,0.0,0.0,0.0,0.0,0.0,0.0,0.0,0.0,0.0,0.0,0.0,0.0,0.0,0.0,0.0,0.0,0.0,0.0,0.0,0.0,0.0,0.0,0.0,0.0,0.0,0.0,0.0,0.0,0.0,0.0,0.0,0.0,0.0,0.0,0.0,0.0,0.0,0.0,0.0,0.0,0.0,0.0,0.0,0.0,0.0,0.0,0.0,0.0,0.0,0.0,0.0,0.0,0.0,0.0,0.0,0.0,0.0,0.0,0.0,0.0,0.0,0.0,0.0,0.0,0.0,0.0,0.0,0.0,0.0,0.0,0.0,0.0,0.0,0.0,0.0,0.0,0.0,0.0,0.0,0.0,0.0,0.0,0.0,0.0,0.0,0.0,0.0,0.0,0.0,0.0,0.0,0.01531050707248751,0.0,0.01531050707248751,0.0,0.0,0.03062101414497502,0.0,0.0,0.0,0.0,0.0,0.0,0.0,0.0,0.0,0.1377945636523876,0.0,SpatioTemporal-Dynamics-in-Land-Use-and-Habitat-Fragmentation-within-a-Protected-Area-Dedicated-to-Tourism-in-a-Sudanian-Savanna-of-West-Africa.pdf
Document_1,0.0,0.0,0.0,0.0,0.0,0.0,0.9615239476408232,0.0,0.13736056394868904,0.0,0.0,0.13736056394868904,0.0,0.0,0.0,0.0,0.0,0.0,0.0,0.13736056394868904,0.0,0.0,0.0,0.0,0.0,0.0,0.0,0.0,0.0,0.13736056394868904,0.0,0.0,0.0,0.0,0.0,0.0,0.0,0.0,0.0,0.0,0.0,0.0,0.0,0.0,0.0,0.0,0.0,0.0,0.0,0.0,0.0,0.0,0.0,0.0,0.0,0.0,0.0,0.0,0.0,0.0,0.0,0.0,0.0,0.0,0.0,0.0,0.0,0.0,0.0,0.0,0.0,0.0,0.0,0.0,0.0,0.0,0.0,0.0,0.0,0.0,0.0,0.0,0.0,0.0,0.0,0.0,0.0,0.0,0.0,0.0,0.0,0.0,0.0,0.0,0.0,0.0,0.0,0.0,0.0,0.0,0.0,0.0,0.0,0.0,0.0,0.0,0.0,0.0,0.0,0.0,0.0,0.0,0.0,0.0,0.0,0.0,0.0,0.0,0.0,0.0,0.0,0.0,0.0,0.0,0.0,0.0,0.0,0.0,0.0,0.0,0.0,0.0,0.0,0.0,0.0,0.0,0.0,0.0,0.0,0.0,0.0,0.0,0.0,0.0,0.0,0.0,0.0,0.0,0.0,0.0,0.0,0.0,0.0,0.0,0.0,0.0,0.0,0.0,0.0,0.0,0.0,0.0,0.0,1-s2.0-S235198941500102X-main.pdf
Document_1,0.0,0.0,0.0,0.0,0.0,0.0,0.09171267607736146,0.0,0.030570892025787156,0.21399624418051008,0.0,0.0,0.0,0.0,0.0,0.06114178405157431,0.0,0.0,0.0,0.09171267607736146,0.0,0.0,0.21399624418051008,0.0,0.0,0.0,0.9171267607736147,0.0,0.0,0.0,0.0,0.0,0.0,0.0,0.0,0.0,0.0,0.0,0.0,0.0,0.0,0.0,0.0,0.0,0.0,0.0,0.0,0.0,0.0,0.0,0.0,0.0,0.0,0.0,0.0,0.0,0.0,0.0,0.0,0.0,0.0,0.0,0.0,0.0,0.0,0.0,0.0,0.0,0.0,0.0,0.0,0.0,0.0,0.0,0.0,0.0,0.0,0.0,0.0,0.0,0.0,0.0,0.0,0.06114178405157431,0.0,0.0,0.0,0.0,0.0,0.0,0.0,0.0,0.0,0.0,0.0,0.0,0.0,0.0,0.0,0.0,0.0,0.0,0.0,0.0,0.0,0.0,0.0,0.0,0.0,0.0,0.0,0.0,0.0,0.0,0.0,0.0,0.0,0.0,0.0,0.0,0.0,0.0,0.0,0.0,0.0,0.0,0.0,0.0,0.0,0.0,0.0,0.0,0.0,0.0,0.0,0.0,0.0,0.0,0.0,0.0,0.0,0.0,0.0,0.0,0.0,0.0,0.0,0.0,0.09171267607736146,0.0,0.0,0.0,0.0,0.0,0.0,0.0,0.0,0.0,0.0,0.0,0.0,0.18342535215472291,0.0,s43247-020-00053-y.pdf
Document_1,0.0,0.04449941594899848,0.4004947435409863,0.0,0.0,0.0,0.8454889030309711,0.0,0.0,0.0,0.0,0.0,0.0,0.0,0.0,0.04449941594899848,0.0,0.0,0.0,0.04449941594899848,0.08899883189799696,0.0,0.1779976637959939,0.0,0.0,0.0,0.1779976637959939,0.0,0.0,0.0,0.0,0.0,0.0,0.0,0.0,0.0,0.04449941594899848,0.0,0.0,0.0,0.0,0.0,0.0,0.0,0.0,0.0,0.0,0.0,0.0,0.0,0.0,0.0,0.0,0.0,0.0,0.0,0.0,0.0,0.0,0.04449941594899848,0.0,0.0,0.0,0.0,0.0,0.0,0.0,0.0,0.0,0.0,0.0,0.0,0.0,0.0,0.0,0.0,0.0,0.0,0.0,0.0,0.0,0.0,0.0,0.0,0.0,0.0,0.0,0.0,0.0,0.0,0.0,0.0,0.0,0.0,0.0,0.0,0.0,0.0,0.0,0.0,0.0,0.0,0.0,0.0,0.0,0.0,0.0,0.0,0.0,0.0,0.0,0.0,0.0,0.0,0.0,0.0,0.0,0.0,0.0,0.0,0.0,0.0,0.0,0.0,0.0,0.0,0.0,0.0,0.0,0.0,0.0,0.0,0.0,0.0,0.0,0.0,0.0,0.0,0.0,0.0,0.0,0.0,0.0,0.0,0.0,0.0,0.0,0.0,0.1779976637959939,0.04449941594899848,0.0,0.04449941594899848,0.0,0.0,0.0,0.0,0.0,0.0,0.0,0.0,0.0,0.08899883189799696,0.0,1-s2.0-S0140196314000536-main.pdf
Document_1,0.0,0.0,0.03479445003196105,0.0,0.0,0.0,0.10438335009588315,0.0,0.03479445003196105,0.0,0.0,0.0,0.0,0.0,0.0,0.03479445003196105,0.0,0.0,0.0,0.0,0.0,0.0,0.66109455060726,0.0,0.0,0.0,0.0,0.0,0.0,0.0,0.0,0.0,0.0,0.0,0.0,0.0,0.1391778001278442,0.0,0.0,0.0,0.0,0.0,0.0,0.0,0.0,0.0,0.0,0.0,0.0,0.0,0.0,0.0,0.0,0.0,0.0,0.0,0.0,0.0,0.0,0.0,0.0,0.0,0.0,0.0,0.0,0.0,0.0,0.0,0.0,0.0,0.0,0.0,0.0,0.0,0.0,0.0,0.0,0.0,0.0,0.0,0.0,0.0,0.0,0.0,0.0,0.0,0.0,0.0,0.0,0.0,0.0,0.0,0.0,0.0,0.0,0.0,0.0,0.0,0.0,0.0,0.0,0.0,0.0,0.0,0.0,0.0,0.0,0.0,0.03479445003196105,0.0,0.0,0.0,0.0,0.0,0.0,0.0,0.0,0.0,0.0,0.0,0.0,0.0,0.0,0.0,0.0,0.0,0.0,0.0,0.0,0.0,0.0,0.0,0.0,0.0,0.0,0.0,0.0,0.0,0.0,0.0,0.0,0.0,0.0,0.0,0.0,0.0,0.0,0.0,0.695889000639221,0.0,0.0,0.0,0.0,0.0,0.0,0.0,0.0,0.0,0.0,0.0,0.0,0.2087667001917663,0.0,1-s2.0-S095937809800003X-main.pdf
Document_1,0.0,0.0,0.03999200239920028,0.0,0.0,0.0,0.0,0.0,0.0,0.0,0.0,0.0,0.0,0.0,0.0,0.0,0.0,0.0,0.0,0.01999600119960014,0.0,0.0,0.0,0.0,0.0,0.0,0.9898020593802069,0.0,0.0,0.0,0.0,0.0,0.0,0.0,0.0,0.0,0.0,0.0,0.0,0.0,0.0,0.0,0.0,0.0,0.0,0.0,0.0,0.0,0.0,0.0,0.01999600119960014,0.0,0.0,0.0,0.0,0.0,0.0,0.0,0.0,0.0,0.0,0.0,0.0,0.0,0.0,0.0,0.0,0.0,0.0,0.0,0.0,0.0,0.0,0.0,0.0,0.0,0.0,0.0,0.0,0.0,0.0,0.0,0.0,0.0,0.0,0.0,0.0,0.0,0.0,0.0,0.0,0.0,0.0,0.0,0.0,0.0,0.0,0.0,0.0,0.0,0.0,0.0,0.0,0.0,0.0,0.0,0.0,0.0,0.0,0.0,0.0,0.0,0.0,0.0,0.0,0.0,0.0,0.0,0.0,0.0,0.0,0.0,0.0,0.0,0.0,0.0,0.0,0.04999000299900035,0.0,0.0,0.0,0.0,0.0,0.0,0.0,0.0,0.0,0.0,0.0,0.0,0.0,0.0,0.0,0.0,0.0,0.0,0.0,0.0,0.029994001799400212,0.0,0.0,0.00999800059980007,0.0,0.0,0.0,0.0,0.0,0.0,0.0,0.0,0.0,0.11997600719760085,0.0,1-s2.0-S0264837715302131-main.pdf
Document_1,0.0,0.0,0.0,0.0,0.0,0.0,0.05488212999484517,0.0,0.0,0.10976425998969035,0.0,0.05488212999484517,0.0,0.0,0.0,0.0,0.0,0.0,0.0,0.2195285199793807,0.05488212999484517,0.10976425998969035,0.329292779969071,0.0,0.0,0.0,0.0,0.0,0.0,0.0,0.05488212999484517,0.0,0.0,0.0,0.0,0.0,0.0,0.0,0.0,0.0,0.0,0.0,0.0,0.0,0.0,0.0,0.0,0.0,0.0,0.0,0.0,0.0,0.0,0.0,0.0,0.0,0.0,0.0,0.0,0.0,0.0,0.0,0.0,0.0,0.0,0.0,0.0,0.0,0.0,0.0,0.0,0.0,0.0,0.0,0.0,0.0,0.0,0.0,0.0,0.0,0.0,0.0,0.0,0.0,0.0,0.0,0.0,0.0,0.0,0.0,0.0,0.0,0.0,0.0,0.0,0.0,0.0,0.0,0.0,0.0,0.0,0.0,0.0,0.0,0.0,0.0,0.0,0.0,0.05488212999484517,0.0,0.0,0.0,0.0,0.0,0.0,0.0,0.0,0.0,0.0,0.0,0.0,0.0,0.0,0.0,0.0,0.0,0.0,0.0,0.0,0.0,0.0,0.0,0.0,0.0,0.0,0.0,0.0,0.0,0.0,0.0,0.0,0.0,0.0,0.0,0.0,0.0,0.6037034299432968,0.0,0.6037034299432968,0.0,0.0,0.1646463899845355,0.0,0.0,0.0,0.0,0.0,0.0,0.0,0.0,0.0,0.2195285199793807,0.0,F0067421183.pdf
Document_1,0.0,0.0,0.0,0.0,0.0,0.0,0.861292989103603,0.0,0.0,0.0,0.0,0.0,0.0,0.0,0.0,0.0,0.0,0.0,0.0,0.0,0.0,0.0,0.07829936264578208,0.0,0.0,0.0,0.4697961758746925,0.0,0.0,0.026099787548594027,0.0,0.0,0.0,0.0,0.0,0.0,0.026099787548594027,0.0,0.0,0.0,0.0,0.0,0.0,0.0,0.0,0.0,0.0,0.0,0.0,0.0,0.0,0.0,0.0,0.0,0.0,0.0,0.0,0.0,0.0,0.15659872529156416,0.0,0.0,0.0,0.0,0.0,0.0,0.0,0.0,0.0,0.0,0.0,0.0,0.0,0.0,0.0,0.0,0.0,0.0,0.0,0.0,0.0,0.0,0.0,0.026099787548594027,0.0,0.0,0.0,0.0,0.0,0.0,0.0,0.0,0.0,0.0,0.0,0.0,0.0,0.0,0.0,0.0,0.0,0.0,0.0,0.0,0.0,0.0,0.0,0.0,0.0,0.0,0.0,0.0,0.0,0.0,0.0,0.0,0.0,0.0,0.0,0.0,0.0,0.0,0.0,0.0,0.0,0.0,0.0,0.026099787548594027,0.0,0.0,0.0,0.0,0.0,0.0,0.0,0.0,0.0,0.0,0.0,0.0,0.0,0.0,0.0,0.0,0.0,0.0,0.026099787548594027,0.0,0.052199575097188054,0.0,0.0,0.026099787548594027,0.0,0.0,0.0,0.0,0.0,0.0,0.0,0.0,0.0,0.0,0.0,1-s2.0-S000632071100245X-main.pdf
Document_1,0.0,0.02899235880237521,0.014496179401187605,0.0,0.0,0.0,0.0,0.0,0.05798471760475042,0.16670606311365746,0.07972898670653183,0.0,0.0,0.0,0.0,0.0,0.0,0.0,0.0,0.15945797341306367,0.0,0.0,0.014496179401187605,0.0,0.0,0.0,0.0,0.0,0.0,0.0,0.0,0.0,0.0,0.0,0.0,0.0,0.007248089700593803,0.0,0.0,0.0,0.0,0.0,0.0,0.0,0.0,0.0,0.0,0.0,0.007248089700593803,0.0,0.0,0.0,0.0,0.0,0.0,0.0,0.0,0.0,0.0,0.007248089700593803,0.0,0.0,0.0,0.0,0.0,0.0,0.0,0.0,0.0,0.0,0.0,0.0,0.0,0.0,0.0,0.0,0.0,0.0,0.0,0.0,0.0,0.0,0.0,0.0,0.0,0.0,0.0,0.0,0.0,0.0,0.0,0.0,0.0,0.0,0.0,0.0,0.0,0.0,0.0,0.0,0.0,0.0,0.0,0.0,0.0,0.0,0.0,0.0,0.0,0.0,0.0,0.0,0.0,0.0,0.0,0.0,0.0,0.0,0.0,0.0,0.0,0.0,0.0,0.0,0.0,0.0,0.0,0.0,0.0,0.0,0.0,0.0,0.0,0.0,0.0,0.0,0.0,0.0,0.0,0.0,0.0,0.0,0.014496179401187605,0.0,0.0,0.0,0.08697707640712563,0.0,0.15945797341306367,0.007248089700593803,0.0,0.02899235880237521,0.0,0.0,0.0,0.0,0.0,0.0,0.0,0.0,0.0,0.9494997507777881,0.0,Asenso Barnieh et al. - 2020 - Mapping Land Use Land Cover Transitions at Differe.pdf
Document_1,0.0,0.0,0.09111851088461805,0.0,0.03037283696153935,0.0,0.03037283696153935,0.0,0.0,0.1214913478461574,0.03037283696153935,0.15186418480769673,0.0,0.0,0.0,0.7289480870769444,0.0,0.15186418480769673,0.0,0.3341012065769328,0.0,0.03037283696153935,0.03037283696153935,0.0,0.0,0.0,0.3644740435384722,0.0,0.0,0.0,0.0,0.0,0.0,0.0,0.0,0.0,0.03037283696153935,0.0,0.0,0.0,0.0,0.0,0.0,0.0,0.0,0.0,0.0,0.0,0.03037283696153935,0.0,0.0,0.0,0.0,0.0,0.0,0.0,0.0,0.0,0.0,0.0607456739230787,0.0,0.0,0.0,0.0,0.0,0.0,0.0,0.0,0.0,0.0,0.0,0.0,0.0,0.0,0.0,0.0,0.0,0.0,0.0,0.0,0.0,0.0,0.0,0.3644740435384722,0.0,0.0,0.0,0.03037283696153935,0.0,0.0,0.0,0.0,0.0,0.0,0.0,0.0,0.0,0.0,0.0,0.0,0.0,0.0,0.0,0.0,0.0,0.0,0.0,0.0,0.0,0.0,0.0,0.0,0.0,0.0,0.0,0.0,0.0,0.0,0.0,0.0,0.0,0.0,0.0,0.0,0.0,0.0,0.0,0.0,0.0,0.0,0.0,0.0,0.0,0.0,0.0,0.0,0.0,0.0,0.0,0.0,0.0,0.0,0.0,0.0,0.0,0.0,0.03037283696153935,0.0,0.03037283696153935,0.03037283696153935,0.0,0.0,0.0,0.0,0.0,0.0,0.0,0.0,0.0,0.0,0.0,0.09111851088461805,0.0,10.4324_9781315182230_previewpdf.pdf
Document_1,0.0,0.0,0.0,0.0,0.0,0.0,0.0,0.0,0.0,0.0,0.0,0.0,0.0,0.0,0.0,0.0,0.0,0.0,0.0,0.9977851578566089,0.0,0.0,0.0,0.0,0.0,0.0,0.0,0.0,0.0,0.0,0.0,0.0,0.0,0.0,0.0,0.0,0.0,0.0,0.0,0.0,0.0,0.0,0.0,0.0,0.0,0.0,0.0,0.0,0.0,0.0,0.0,0.0,0.0,0.0,0.0,0.0,0.0,0.0,0.0,0.0,0.0,0.0,0.0,0.0,0.0,0.0,0.0,0.0,0.0,0.0,0.0,0.0,0.0,0.0,0.0,0.0,0.0,0.0,0.0,0.0,0.0,0.0,0.0,0.0,0.0,0.0,0.0,0.0,0.0,0.0,0.0,0.0,0.0,0.0,0.0,0.0,0.0,0.0,0.0,0.0,0.0,0.0,0.0,0.0,0.0,0.0,0.0,0.0,0.0,0.0,0.0,0.0,0.0,0.0,0.0,0.0,0.0,0.0,0.0,0.0,0.0,0.0,0.0,0.0,0.0,0.0,0.0,0.0,0.0,0.0,0.0,0.0,0.0,0.0,0.0,0.0,0.0,0.0,0.0,0.0,0.0,0.0,0.0,0.0,0.0,0.0,0.0,0.0,0.0,0.0,0.0,0.06651901052377393,0.0,0.0,0.0,0.0,0.0,0.0,0.0,0.0,0.0,0.0,0.0,Geophysical Research Letters - 2005 - Werth - The local and global effects of African deforestation.pdf
Document_1,0.0,0.0,0.039331157615722756,0.0,0.0,0.0,0.0,0.0,0.019665578807861378,0.039331157615722756,0.0,0.0,0.0,0.0,0.0,0.0,0.0,0.009832789403930689,0.0,0.058996736423584134,0.0,0.0,0.0,0.0,0.0,0.0,0.4719738913886731,0.0,0.0,0.0,0.0,0.0,0.0,0.0,0.0,0.0,0.0,0.0,0.0,0.0,0.0,0.0,0.0,0.0,0.0,0.0,0.0,0.0,0.0,0.0,0.0,0.0,0.0,0.0,0.0,0.0,0.0,0.0,0.0,0.0,0.0,0.0,0.0,0.0,0.0,0.0,0.0,0.0,0.0,0.0,0.0,0.0,0.0,0.0,0.0,0.0,0.0,0.0,0.0,0.0,0.0,0.0,0.0,0.019665578807861378,0.0,0.0,0.0,0.0,0.0,0.0,0.0,0.0,0.0,0.0,0.0,0.0,0.0,0.0,0.0,0.0,0.0,0.0,0.0,0.0,0.0,0.0,0.0,0.0,0.0,0.0,0.0,0.0,0.0,0.0,0.0,0.0,0.0,0.0,0.0,0.0,0.0,0.0,0.0,0.0,0.0,0.0,0.0,0.0,0.0,0.0,0.0,0.0,0.0,0.0,0.0,0.0,0.0,0.0,0.0,0.0,0.0,0.0,0.0,0.0,0.0,0.0,0.0,0.0,0.049163947019653445,0.0,0.0,0.039331157615722756,0.0,0.0,0.0,0.0,0.0,0.0,0.0,0.0,0.0,0.8751182569498314,0.0,010076607.pdf
Document_1,0.0,0.0,0.0,0.0,0.0,0.0,0.10411584125907071,0.0,0.0,0.052057920629535355,0.052057920629535355,0.0,0.0,0.0,0.0,0.0,0.0,0.052057920629535355,0.0,0.0,0.0,0.0,0.0,0.0,0.0,0.0,0.9891004919611718,0.0,0.0,0.0,0.0,0.0,0.0,0.0,0.0,0.0,0.0,0.0,0.0,0.0,0.0,0.0,0.0,0.0,0.0,0.0,0.0,0.0,0.0,0.0,0.0,0.0,0.0,0.0,0.0,0.0,0.0,0.0,0.0,0.0,0.0,0.0,0.0,0.0,0.0,0.0,0.0,0.0,0.0,0.0,0.0,0.0,0.0,0.0,0.0,0.0,0.0,0.0,0.0,0.0,0.0,0.0,0.0,0.0,0.0,0.0,0.0,0.0,0.0,0.0,0.0,0.0,0.0,0.0,0.0,0.0,0.0,0.0,0.0,0.0,0.0,0.0,0.0,0.0,0.0,0.0,0.0,0.0,0.0,0.0,0.0,0.0,0.0,0.0,0.0,0.0,0.0,0.0,0.0,0.0,0.0,0.0,0.0,0.0,0.0,0.0,0.0,0.0,0.0,0.0,0.0,0.0,0.0,0.0,0.0,0.0,0.0,0.0,0.0,0.0,0.0,0.0,0.0,0.0,0.0,0.0,0.052057920629535355,0.0,0.0,0.0,0.0,0.0,0.0,0.0,0.0,0.0,0.0,0.0,0.0,0.0,0.0,0.0,0.0,9523685.pdf
Document_1,0.0,0.0,0.0,0.0,0.0,0.0,0.03178208630818641,0.0,0.0,0.03178208630818641,0.03178208630818641,0.0,0.0,0.0,0.0,0.03178208630818641,0.0,0.0,0.0,0.7627700713964738,0.03178208630818641,0.03178208630818641,0.0,0.0,0.0,0.0,0.3813850356982369,0.0,0.0,0.0,0.0,0.0,0.0,0.0,0.0,0.0,0.0,0.0,0.0,0.0,0.0,0.0,0.0,0.0,0.0,0.0,0.0,0.0,0.0,0.0,0.0,0.0,0.0,0.0,0.0,0.0,0.0,0.0,0.0,0.0,0.0,0.0,0.0,0.0,0.0,0.0,0.0,0.0,0.0,0.0,0.0,0.0,0.0,0.0,0.0,0.0,0.0,0.0,0.0,0.0,0.0,0.0,0.0,0.06356417261637282,0.0,0.0,0.0,0.0,0.0,0.0,0.0,0.0,0.0,0.0,0.0,0.0,0.0,0.0,0.0,0.0,0.0,0.0,0.0,0.0,0.0,0.0,0.0,0.0,0.0,0.0,0.0,0.0,0.0,0.0,0.0,0.0,0.0,0.0,0.0,0.0,0.0,0.0,0.0,0.0,0.0,0.0,0.0,0.0,0.0,0.0,0.0,0.0,0.0,0.0,0.0,0.0,0.0,0.0,0.0,0.0,0.0,0.0,0.03178208630818641,0.0,0.0,0.0,0.03178208630818641,0.0,0.5085133809309825,0.0,0.0,0.03178208630818641,0.0,0.0,0.0,0.0,0.0,0.0,0.0,0.0,0.0,0.03178208630818641,0.0,s11625-014-0282-4.pdf
Document_1,0.0,0.0,0.0,0.0,0.0,0.0,0.2551279323919679,0.0,0.0,0.047836487323493986,0.0,0.0,0.0,0.0,0.0,0.015945495774497994,0.0,0.09567297464698797,0.0,0.0,0.0,0.0,0.03189099154899599,0.0,0.0,0.0,0.9567297464698797,0.0,0.0,0.0,0.0,0.0,0.0,0.0,0.0,0.0,0.015945495774497994,0.0,0.0,0.0,0.0,0.0,0.0,0.0,0.0,0.0,0.0,0.0,0.0,0.0,0.0,0.0,0.0,0.0,0.0,0.0,0.0,0.0,0.0,0.015945495774497994,0.0,0.0,0.0,0.0,0.0,0.0,0.0,0.0,0.0,0.0,0.0,0.0,0.0,0.0,0.0,0.0,0.0,0.0,0.0,0.0,0.0,0.0,0.0,0.0,0.0,0.0,0.0,0.0,0.0,0.0,0.0,0.0,0.0,0.0,0.0,0.0,0.0,0.0,0.0,0.0,0.0,0.0,0.0,0.0,0.0,0.0,0.0,0.0,0.0,0.0,0.0,0.0,0.0,0.0,0.0,0.0,0.0,0.0,0.0,0.0,0.0,0.0,0.0,0.0,0.015945495774497994,0.0,0.0,0.047836487323493986,0.0,0.0,0.0,0.015945495774497994,0.0,0.0,0.0,0.0,0.0,0.0,0.0,0.0,0.0,0.0,0.015945495774497994,0.0,0.0,0.0,0.03189099154899599,0.0,0.03189099154899599,0.0,0.0,0.03189099154899599,0.0,0.0,0.0,0.0,0.0,0.0,0.0,0.0,0.0,0.015945495774497994,0.0,1-s2.0-S0140196310000893-main.pdf
Document_1,0.0,0.6609304554087899,0.0,0.0,0.0,0.0,0.05747221351380782,0.0,0.0,0.2586249608121352,0.08620832027071172,0.0,0.0,0.0,0.0,0.0,0.0,0.0,0.0,0.02873610675690391,0.02873610675690391,0.0,0.0,0.0,0.0,0.0,0.17241664054142344,0.0,0.0,0.0,0.0,0.0,0.0,0.0,0.0,0.0,0.0,0.0,0.0,0.0,0.0,0.0,0.0,0.0,0.0,0.0,0.0,0.0,0.0,0.0,0.0,0.0,0.0,0.0,0.0,0.0,0.0,0.0,0.0,0.0,0.0,0.0,0.0,0.0,0.0,0.0,0.0,0.0,0.0,0.0,0.0,0.0,0.0,0.0,0.0,0.0,0.0,0.0,0.0,0.0,0.0,0.0,0.0,0.02873610675690391,0.0,0.0,0.0,0.0,0.0,0.0,0.0,0.0,0.0,0.0,0.0,0.0,0.0,0.0,0.0,0.0,0.0,0.0,0.0,0.0,0.0,0.0,0.0,0.0,0.0,0.0,0.0,0.0,0.0,0.0,0.0,0.0,0.0,0.0,0.0,0.0,0.0,0.0,0.0,0.0,0.0,0.0,0.0,0.0,0.0,0.0,0.0,0.0,0.0,0.0,0.0,0.0,0.0,0.0,0.0,0.0,0.0,0.0,0.0,0.0,0.0,0.0,0.0,0.0,0.11494442702761563,0.0,0.0,0.6321943486518861,0.0,0.0,0.0,0.0,0.0,0.0,0.0,0.0,0.0,0.20115274729832736,0.0,remotesensing-12-03817-v2.pdf
Document_1,0.0,0.0,0.008718757003105973,0.0,0.0,0.0,0.1830938970652254,0.0,0.0,0.026156271009317916,0.0,0.008718757003105973,0.0,0.0,0.0,0.008718757003105973,0.0,0.0,0.0,0.0,0.008718757003105973,0.0,0.03487502801242389,0.0,0.0,0.0,0.008718757003105973,0.0,0.0,0.5928754762112061,0.0,0.0,0.0,0.0,0.0,0.0,0.10462508403727167,0.0,0.0,0.008718757003105973,0.0,0.0,0.0,0.0,0.0,0.0,0.0,0.0,0.026156271009317916,0.0,0.0,0.0,0.0,0.0,0.0,0.0,0.0,0.0,0.0,0.05231254201863583,0.0,0.0,0.0,0.0,0.0,0.0,0.0,0.0,0.0,0.0,0.0,0.0,0.0,0.0,0.0,0.0,0.0,0.0,0.0,0.0,0.0,0.0,0.0,0.5318441771894643,0.0,0.0,0.0,0.0,0.0,0.0,0.0,0.0,0.0,0.0,0.0,0.0,0.0,0.0,0.0,0.0,0.0,0.0,0.0,0.0,0.0,0.0,0.0,0.0,0.0,0.0,0.0,0.0,0.0,0.0,0.0,0.0,0.0,0.0,0.0,0.0,0.0,0.0,0.0,0.0,0.0,0.0,0.0,0.06103129902174181,0.0,0.0,0.0,0.0,0.0,0.0,0.0,0.0,0.0,0.0,0.0,0.0,0.0,0.0,0.0,0.0,0.0,0.0,0.0,0.0,0.5405629341925703,0.0,0.0,0.0,0.0,0.0,0.0,0.0,0.0,0.0,0.0,0.0,0.0,0.13950011204969556,0.0,s12571-010-0070-7.pdf
Document_1,0.0,0.0,0.0,0.0,0.0,0.0,0.35781406988329595,0.0,0.0,0.0,0.011542389351074062,0.0,0.0,0.0,0.0,0.0,0.0,0.0,0.0,0.0,0.0,0.0,0.06925433610644437,0.0,0.0,0.0,0.10388150415966656,0.0,0.0,0.0,0.0,0.0,0.0,0.0,0.0,0.0,0.011542389351074062,0.0,0.0,0.0,0.0,0.0,0.0,0.0,0.0,0.0,0.0,0.0,0.0,0.0,0.0,0.0,0.0,0.0,0.0,0.0,0.0,0.0,0.0,0.0,0.0,0.0,0.0,0.0,0.0,0.0,0.0,0.0,0.0,0.0,0.0,0.0,0.0,0.0,0.0,0.0,0.0,0.0,0.0,0.0,0.0,0.0,0.0,0.03462716805322218,0.0,0.0,0.0,0.0,0.0,0.0,0.0,0.0,0.0,0.0,0.0,0.0,0.0,0.0,0.0,0.0,0.0,0.0,0.0,0.0,0.011542389351074062,0.0,0.0,0.0,0.0,0.0,0.0,0.0,0.0,0.0,0.0,0.0,0.0,0.0,0.0,0.0,0.0,0.0,0.0,0.0,0.0,0.0,0.0,0.0,0.0,0.0,0.0,0.0,0.0,0.0,0.0,0.0,0.0,0.0,0.0,0.0,0.0,0.0,0.0,0.0,0.0,0.0,0.0,0.0,0.9233911480859249,0.0,0.0,0.0,0.0,0.0,0.0,0.0,0.0,0.0,0.0,0.0,0.0,0.04616955740429625,0.0,1-s2.0-S003442571730041X-main.pdf
Document_1,0.0,0.0,0.005004130111716594,0.0,0.0,0.0,0.0,0.0,0.0,0.06004956134059913,0.0,0.010008260223433188,0.0,0.0,0.0,0.0,0.0,0.0,0.0,0.020016520446866377,0.0,0.0,0.0,0.0,0.0,0.0,0.0,0.0,0.0,0.0,0.0,0.0,0.0,0.0,0.0,0.0,0.0,0.0,0.0,0.0,0.0,0.0,0.0,0.0,0.0,0.0,0.0,0.0,0.0,0.0,0.0,0.0,0.0,0.0,0.0,0.0,0.0,0.0,0.0,0.0,0.0,0.0,0.0,0.0,0.0,0.0,0.0,0.0,0.0,0.0,0.0,0.0,0.0,0.0,0.0,0.0,0.0,0.0,0.0,0.0,0.0,0.0,0.0,0.0,0.0,0.0,0.0,0.0,0.0,0.0,0.0,0.0,0.0,0.0,0.0,0.0,0.0,0.0,0.0,0.0,0.0,0.0,0.0,0.0,0.0,0.0,0.0,0.0,0.0,0.0,0.0,0.0,0.0,0.0,0.0,0.0,0.0,0.0,0.0,0.0,0.0,0.0,0.0,0.0,0.0,0.0,0.0,0.0,0.0,0.0,0.0,0.0,0.0,0.0,0.0,0.0,0.0,0.0,0.0,0.0,0.0,0.0,0.0,0.0,0.0,0.0,0.0,0.0,0.04503717100544935,0.0,0.0,0.11009086245776507,0.0,0.0,0.0,0.0,0.0,0.0,0.0,0.0,0.0,0.9908177621198856,0.0,1-s2.0-S2214581823000575-main.pdf
Document_1,0.0,0.0,0.01988499954239645,0.0,0.0,0.0,0.0,0.0,0.0,0.0,0.009942499771198226,0.0,0.0,0.0,0.0,0.0,0.0,0.0,0.0,0.0,0.0,0.0,0.08948249794078403,0.0,0.0,0.0,0.0,0.0,0.0,0.09942499771198227,0.05965499862718936,0.0,0.0,0.009942499771198226,0.0,0.0,0.01988499954239645,0.0,0.0,0.0,0.009942499771198226,0.0,0.0,0.0,0.0,0.0,0.0,0.0,0.42752749016152375,0.0,0.0,0.0,0.0,0.0,0.0,0.0,0.0,0.0,0.0,0.0,0.0,0.0,0.0,0.0,0.0,0.0,0.0,0.0,0.0,0.0,0.0,0.0,0.0,0.0,0.0,0.0,0.0,0.0,0.0,0.0,0.0,0.0,0.0,0.02982749931359468,0.0,0.0,0.0,0.0,0.0,0.0,0.0,0.0,0.0,0.0,0.0,0.0,0.0,0.0,0.0,0.0,0.0,0.0,0.0,0.0,0.0,0.0,0.0,0.0,0.009942499771198226,0.0,0.0,0.0,0.0,0.0,0.0,0.0,0.0,0.0,0.0,0.0,0.0,0.0,0.0,0.0,0.0,0.0,0.0,0.02982749931359468,0.0,0.0,0.0,0.0,0.0,0.0,0.0,0.0,0.0,0.0,0.0,0.0,0.0,0.0,0.0,0.0,0.0,0.0,0.0,0.0,0.8152849812382545,0.0,0.0,0.0,0.0,0.0,0.0,0.0,0.0,0.0,0.0,0.0,0.0,0.3579299917631361,0.0,sustainability-13-01318-v2.pdf
Document_1,0.0,0.0,0.038873444561863424,0.0,0.0,0.0,0.6608485575516783,0.0,0.0,0.019436722280931712,0.0,0.1554937782474537,0.0,0.0,0.0,0.0,0.0,0.0,0.0,0.019436722280931712,0.0,0.019436722280931712,0.019436722280931712,0.0,0.0,0.0,0.13605705596652198,0.0,0.0,0.0,0.0,0.0,0.0,0.0,0.0,0.0,0.0,0.0,0.0,0.0,0.0,0.0,0.0,0.0,0.0,0.0,0.0,0.0,0.0,0.0,0.0,0.0,0.0,0.0,0.0,0.0,0.0,0.0,0.0,0.0,0.0,0.0,0.0,0.0,0.0,0.0,0.0,0.0,0.0,0.0,0.0,0.0,0.0,0.0,0.0,0.0,0.0,0.0,0.0,0.0,0.0,0.0,0.0,0.019436722280931712,0.0,0.0,0.0,0.0,0.0,0.0,0.0,0.0,0.0,0.0,0.0,0.0,0.0,0.0,0.0,0.0,0.0,0.0,0.0,0.0,0.0,0.0,0.0,0.0,0.0,0.0,0.0,0.0,0.0,0.0,0.0,0.0,0.0,0.0,0.0,0.0,0.0,0.0,0.0,0.0,0.0,0.0,0.0,0.0,0.0,0.0,0.0,0.0,0.0,0.0,0.0,0.0,0.0,0.0,0.0,0.0,0.0,0.0,0.0,0.0,0.0,0.0,0.0,0.0,0.6802852798326099,0.0,0.0,0.0,0.0,0.0,0.0,0.0,0.0,0.0,0.0,0.0,0.0,0.23324066737118054,0.0,1-s2.0-S0140196322000143-main.pdf
Document_1,0.0,0.18107149208503706,0.0,0.0,0.0,0.0,0.0,0.0,0.0,0.0,0.0,0.7242859683401482,0.0,0.0,0.0,0.0,0.0,0.0,0.0,0.0,0.0,0.0,0.0,0.0,0.0,0.0,0.18107149208503706,0.0,0.0,0.0,0.0,0.0,0.0,0.0,0.0,0.0,0.0,0.0,0.0,0.0,0.0,0.0,0.0,0.0,0.0,0.0,0.0,0.0,0.0,0.0,0.0,0.0,0.0,0.0,0.0,0.0,0.0,0.0,0.0,0.0,0.0,0.0,0.0,0.0,0.0,0.0,0.0,0.0,0.0,0.0,0.0,0.0,0.0,0.0,0.0,0.0,0.0,0.0,0.0,0.0,0.0,0.0,0.0,0.0,0.0,0.0,0.0,0.0,0.0,0.0,0.0,0.0,0.0,0.0,0.0,0.0,0.0,0.0,0.0,0.0,0.0,0.0,0.0,0.0,0.0,0.0,0.0,0.0,0.0,0.0,0.0,0.0,0.0,0.0,0.0,0.0,0.0,0.0,0.0,0.0,0.0,0.0,0.0,0.0,0.0,0.0,0.0,0.0,0.0,0.0,0.0,0.0,0.0,0.0,0.0,0.0,0.0,0.0,0.0,0.0,0.0,0.0,0.0,0.0,0.0,0.0,0.0,0.0,0.0,0.0,0.0,0.45267873021259264,0.0,0.0,0.0,0.0,0.0,0.0,0.0,0.0,0.0,0.45267873021259264,0.0,remotesensing-05-00664-v2.pdf
Document_1,0.0,0.0,0.0,0.0,0.0,0.0,0.38430756913220915,0.0,0.0,0.0,0.0,0.03202563076101743,0.0,0.0,0.0,0.03202563076101743,0.0,0.0,0.0,0.0,0.0,0.0,0.03202563076101743,0.0,0.0,0.0,0.03202563076101743,0.0,0.0,0.0,0.0,0.0,0.0,0.0,0.0,0.0,0.03202563076101743,0.0,0.0,0.0,0.0,0.0,0.0,0.0,0.0,0.0,0.0,0.0,0.0,0.0,0.0,0.0,0.0,0.0,0.0,0.0,0.0,0.0,0.0,0.06405126152203486,0.0,0.0,0.0,0.0,0.0,0.0,0.0,0.0,0.0,0.0,0.0,0.0,0.0,0.0,0.0,0.0,0.0,0.0,0.0,0.0,0.0,0.0,0.0,0.03202563076101743,0.0,0.0,0.0,0.0,0.0,0.0,0.0,0.0,0.0,0.0,0.0,0.0,0.0,0.0,0.0,0.0,0.0,0.0,0.0,0.0,0.0,0.0,0.0,0.0,0.0,0.0,0.0,0.0,0.0,0.0,0.0,0.0,0.0,0.0,0.0,0.0,0.0,0.0,0.0,0.0,0.0,0.0,0.0,0.03202563076101743,0.0,0.0,0.0,0.03202563076101743,0.0,0.0,0.0,0.0,0.0,0.0,0.0,0.0,0.0,0.0,0.03202563076101743,0.0,0.0,0.0,0.896717661308488,0.0,0.09607689228305229,0.0,0.0,0.12810252304406972,0.0,0.0,0.0,0.0,0.0,0.0,0.0,0.0,0.0,0.09607689228305229,0.0,Devineau-extentlanduseaffect-2011.pdf
Document_1,0.0,0.0,0.11947545944002905,0.0,0.0,0.0,0.0,0.0,0.0,0.0,0.0,0.0,0.0,0.0,0.0,0.019912576573338177,0.0,0.0,0.0,0.019912576573338177,0.0,0.0,0.019912576573338177,0.0,0.0,0.0,0.0,0.0,0.0,0.11947545944002905,0.0,0.0,0.0,0.0,0.0,0.0,0.0,0.0,0.0,0.0,0.0,0.0,0.0,0.0,0.0,0.0,0.0,0.0,0.09956288286669088,0.0,0.0,0.0,0.0,0.0,0.0,0.0,0.0,0.0,0.0,0.019912576573338177,0.0,0.0,0.0,0.0,0.0,0.0,0.0,0.0,0.0,0.0,0.0,0.0,0.0,0.0,0.0,0.0,0.0,0.0,0.0,0.0,0.0,0.0,0.0,0.35842637832008717,0.0,0.0,0.0,0.0,0.0,0.0,0.0,0.0,0.0,0.0,0.0,0.0,0.0,0.0,0.0,0.0,0.0,0.0,0.0,0.0,0.0,0.0,0.0,0.0,0.0,0.0,0.0,0.0,0.0,0.0,0.0,0.0,0.0,0.0,0.0,0.0,0.0,0.0,0.0,0.0,0.0,0.0,0.0,0.0,0.0,0.0,0.0,0.0,0.0,0.0,0.0,0.0,0.0,0.0,0.0,0.0,0.0,0.0,0.0,0.0,0.0,0.0,0.0,0.0,0.7765904863601888,0.0,0.0,0.0,0.0,0.0,0.0,0.0,0.0,0.0,0.0,0.0,0.0,0.4779018377601162,0.0,s10584-013-0909-y.pdf
Document_1,0.0,0.01061729074723905,0.0,0.0,0.0,0.0,0.0,0.0,0.0849383259779124,0.28666685017545435,0.0849383259779124,0.0,0.0,0.0,0.0,0.01061729074723905,0.0,0.0,0.0,0.9449388765042754,0.01061729074723905,0.0,0.05308645373619525,0.0,0.0,0.0,0.0,0.0,0.0,0.0,0.0,0.0,0.0,0.0,0.0,0.0,0.0,0.0,0.0,0.0,0.0,0.0,0.0,0.0,0.0,0.0,0.0,0.0,0.0,0.0,0.0,0.0,0.0,0.0,0.0,0.0,0.0,0.0,0.0,0.0,0.0,0.0,0.0,0.0,0.0,0.0,0.0,0.0,0.0,0.0,0.0,0.0,0.0,0.0,0.0,0.0,0.0,0.0,0.0,0.0,0.0,0.0,0.0,0.0,0.0,0.0,0.0,0.0,0.0,0.0,0.0,0.0,0.0,0.0,0.0,0.0,0.0,0.0,0.0,0.0,0.0,0.0,0.0,0.0,0.0,0.0,0.0,0.0,0.01061729074723905,0.0,0.0,0.0,0.0,0.0,0.0,0.0,0.0,0.0,0.0,0.0,0.0,0.0,0.0,0.0,0.0,0.0,0.0,0.0,0.0,0.0,0.0,0.0,0.0,0.0,0.0,0.0,0.0,0.0,0.0,0.0,0.0,0.0,0.0,0.0,0.0,0.0,0.0,0.0,0.0849383259779124,0.0,0.0,0.0,0.0,0.0,0.0,0.0,0.0,0.0,0.0,0.0,0.0,0.0,0.0,rudel-2013-the-national-determinants-of-deforestation-in-sub-saharan-africa.pdf
Document_1,0.0,0.0,0.03403382373905639,0.0,0.0,0.0,0.0,0.0,0.05672303956509398,0.04537843165207519,0.0,0.0,0.0,0.0,0.0,0.0,0.0,0.0,0.0,0.022689215826037595,0.011344607913018797,0.0,0.0,0.0,0.0,0.0,0.47647353234678946,0.0,0.0,0.0,0.0,0.0,0.0,0.0,0.0,0.0,0.0,0.0,0.0,0.0,0.0,0.0,0.0,0.0,0.0,0.0,0.0,0.0,0.0,0.0,0.0,0.0,0.0,0.0,0.0,0.0,0.0,0.0,0.0,0.0,0.0,0.0,0.0,0.0,0.0,0.0,0.0,0.0,0.0,0.0,0.0,0.0,0.0,0.0,0.0,0.0,0.0,0.0,0.0,0.0,0.0,0.0,0.0,0.022689215826037595,0.0,0.0,0.0,0.0,0.0,0.0,0.0,0.0,0.0,0.0,0.0,0.0,0.0,0.0,0.0,0.0,0.0,0.0,0.0,0.0,0.0,0.0,0.0,0.0,0.0,0.0,0.0,0.0,0.0,0.0,0.0,0.0,0.0,0.0,0.0,0.0,0.0,0.0,0.0,0.0,0.0,0.0,0.0,0.0,0.0,0.0,0.0,0.0,0.0,0.0,0.0,0.0,0.0,0.0,0.0,0.0,0.0,0.0,0.0,0.0,0.0,0.0,0.0,0.0,0.03403382373905639,0.0,0.0,0.03403382373905639,0.0,0.0,0.0,0.0,0.0,0.0,0.0,0.0,0.0,0.8735348093024473,0.0,010074873.pdf
Document_1,0.0,0.0,0.22056438662814232,0.0,0.0,0.0,0.95577900872195,0.0,0.0,0.0,0.0,0.0,0.0,0.0,0.0,0.0,0.0,0.0,0.0,0.07352146220938077,0.0,0.0,0.07352146220938077,0.0,0.0,0.0,0.0,0.0,0.0,0.0,0.0,0.0,0.0,0.0,0.0,0.0,0.07352146220938077,0.0,0.0,0.0,0.0,0.0,0.0,0.0,0.0,0.0,0.0,0.0,0.0,0.0,0.0,0.0,0.0,0.0,0.0,0.0,0.0,0.0,0.0,0.07352146220938077,0.0,0.0,0.0,0.0,0.0,0.0,0.0,0.0,0.0,0.0,0.0,0.0,0.0,0.0,0.0,0.0,0.0,0.0,0.0,0.0,0.0,0.0,0.0,0.07352146220938077,0.0,0.0,0.0,0.0,0.0,0.0,0.0,0.0,0.0,0.0,0.0,0.0,0.0,0.0,0.0,0.0,0.0,0.0,0.0,0.0,0.0,0.0,0.0,0.0,0.0,0.0,0.0,0.0,0.0,0.0,0.0,0.0,0.0,0.0,0.0,0.0,0.0,0.0,0.0,0.0,0.0,0.0,0.0,0.0,0.0,0.0,0.0,0.0,0.0,0.0,0.0,0.0,0.0,0.0,0.0,0.0,0.0,0.0,0.0,0.0,0.0,0.0,0.07352146220938077,0.0,0.07352146220938077,0.0,0.0,0.0,0.0,0.0,0.0,0.0,0.0,0.0,0.0,0.0,0.0,0.0,0.0,1-s2.0-S0303243414001718-main.pdf
Document_1,0.0,0.0,0.010124278987179785,0.0,0.0,0.0,0.0,0.0,0.0,0.030372836961539352,0.0,0.0,0.0,0.0,0.0,0.02024855797435957,0.0,0.0,0.0,0.9111851088461805,0.0,0.0,0.030372836961539352,0.010124278987179785,0.0,0.0,0.010124278987179785,0.0,0.0,0.0,0.0,0.0,0.0,0.0,0.0,0.0,0.0,0.0,0.0,0.0,0.0,0.0,0.0,0.0,0.0,0.0,0.0,0.0,0.0,0.0,0.0,0.0,0.0,0.0,0.0,0.0,0.0,0.0,0.0,0.0,0.0,0.0,0.0,0.0,0.0,0.0,0.0,0.0,0.0,0.0,0.0,0.0,0.0,0.0,0.0,0.0,0.0,0.0,0.0,0.0,0.0,0.0,0.0,0.0,0.0,0.0,0.0,0.0,0.0,0.0,0.0,0.0,0.0,0.0,0.0,0.0,0.0,0.0,0.0,0.0,0.0,0.0,0.0,0.0,0.0,0.0,0.0,0.0,0.0,0.0,0.0,0.0,0.0,0.0,0.0,0.0,0.0,0.0,0.0,0.0,0.0,0.0,0.0,0.0,0.0,0.0,0.0,0.010124278987179785,0.0,0.0,0.0,0.0,0.0,0.0,0.0,0.0,0.0,0.0,0.0,0.0,0.0,0.0,0.15186418480769676,0.0,0.0,0.0,0.0,0.0,0.374598322525652,0.0,0.0,0.0,0.0,0.0,0.0,0.0,0.0,0.0,0.0,0.0,0.0,0.060745673923078704,0.0,s41598-024-52138-9.pdf
Document_1,0.0,0.0,0.0,0.0,0.0,0.0,0.43033148291193524,0.0,0.0573775310549247,0.14344382763731175,0.0,0.0,0.0,0.0,0.0,0.0,0.0,0.0,0.0,0.43033148291193524,0.02868876552746235,0.0,0.0573775310549247,0.0,0.0,0.0,0.0573775310549247,0.0,0.0,0.02868876552746235,0.0,0.0,0.0,0.0,0.0,0.0,0.0,0.0,0.0,0.0,0.0,0.0,0.0,0.0,0.0,0.0,0.0,0.0,0.0,0.0,0.0,0.0,0.0,0.0,0.0,0.0,0.0,0.0,0.0,0.14344382763731175,0.0,0.0,0.0,0.0,0.0,0.0,0.0,0.0,0.0,0.0,0.0,0.0,0.0,0.0,0.0,0.0,0.02868876552746235,0.14344382763731175,0.0,0.0,0.0,0.0,0.0,0.14344382763731175,0.0,0.0,0.0,0.0,0.0,0.0,0.0,0.0,0.0,0.0,0.0,0.0,0.0,0.0,0.0,0.0,0.0,0.0,0.0,0.0,0.0,0.0,0.0,0.0,0.1147550621098494,0.0,0.0,0.0,0.0,0.0,0.0,0.0,0.0,0.0,0.0,0.0,0.0,0.0,0.0,0.0,0.0,0.0,0.0,0.0,0.0,0.0,0.0,0.0,0.0,0.0,0.0,0.0,0.0,0.0,0.0,0.0,0.0,0.0,0.0,0.0,0.0,0.0,0.08606629658238706,0.0,0.7172191381865588,0.0,0.0,0.0,0.0,0.0,0.0,0.0,0.0,0.0,0.0,0.0,0.0,0.0,0.0,1-s2.0-S0006320709005400-main.pdf
Document_1,0.0,0.0,0.0865776528803045,0.0,0.0,0.0,0.0,0.0,0.008657765288030451,0.0,0.008657765288030451,0.008657765288030451,0.0,0.0,0.0,0.008657765288030451,0.0,0.0,0.0,0.008657765288030451,0.0,0.008657765288030451,0.0,0.0,0.0,0.0,0.008657765288030451,0.0,0.0,0.0,0.0,0.0,0.0,0.0,0.0,0.0,0.0,0.0,0.0,0.0,0.0,0.0,0.0,0.0,0.0,0.0,0.0,0.0,0.0,0.0,0.0,0.0,0.0,0.0,0.0,0.0,0.0,0.0,0.0,0.0,0.0,0.0,0.0,0.0,0.0,0.0,0.0,0.0,0.0,0.0,0.0,0.0,0.0,0.0,0.0,0.0,0.0,0.0,0.0,0.0,0.0,0.0,0.0,0.0,0.0,0.0,0.0,0.0,0.0,0.0,0.0,0.0,0.0,0.0,0.0,0.0,0.0,0.0,0.0,0.0,0.0,0.0,0.0,0.0,0.0,0.0,0.0,0.0,0.0,0.0,0.0,0.0,0.0,0.0,0.0,0.0,0.0,0.0,0.0,0.0,0.0,0.0,0.0,0.0,0.0,0.0,0.0,0.0,0.0,0.0,0.0,0.0,0.0,0.0,0.0,0.0,0.0,0.0,0.0,0.0,0.0,0.0,0.0,0.0,0.0,0.0,0.017315530576060903,0.0,0.017315530576060903,0.0,0.0,0.008657765288030451,0.0,0.0,0.0,0.0,0.0,0.0,0.0,0.0,0.0,0.9956430081235018,0.0,010084528.pdf
Document_1,0.0,0.0,0.0,0.0,0.0,0.0,0.10783277320343841,0.0,0.0,0.21566554640687682,0.21566554640687682,0.0,0.0,0.0,0.0,0.0,0.0,0.0,0.0,0.43133109281375365,0.0,0.0,0.43133109281375365,0.0,0.0,0.0,0.10783277320343841,0.0,0.0,0.43133109281375365,0.0,0.0,0.0,0.0,0.0,0.0,0.10783277320343841,0.0,0.0,0.0,0.0,0.0,0.0,0.0,0.0,0.0,0.0,0.0,0.0,0.0,0.0,0.0,0.0,0.0,0.0,0.0,0.0,0.0,0.0,0.0,0.0,0.0,0.0,0.0,0.0,0.0,0.0,0.0,0.0,0.0,0.0,0.0,0.0,0.0,0.0,0.0,0.0,0.0,0.0,0.0,0.0,0.0,0.0,0.0,0.0,0.0,0.0,0.0,0.0,0.0,0.0,0.0,0.0,0.0,0.0,0.0,0.0,0.0,0.0,0.0,0.0,0.0,0.0,0.0,0.0,0.0,0.0,0.0,0.0,0.0,0.0,0.0,0.0,0.0,0.0,0.0,0.0,0.0,0.0,0.0,0.0,0.0,0.0,0.0,0.0,0.0,0.0,0.3234983196103152,0.0,0.0,0.0,0.0,0.0,0.0,0.0,0.0,0.0,0.0,0.0,0.0,0.0,0.0,0.10783277320343841,0.0,0.0,0.0,0.0,0.0,0.43133109281375365,0.0,0.0,0.10783277320343841,0.0,0.0,0.0,0.0,0.0,0.0,0.0,0.0,0.0,0.0,0.0,Land Degrad Dev - 2010 - Ouedraogo - Land cover change and its relation with population dynamics in Burkina Faso West.pdf
Document_1,0.0,0.0,0.017147337032429676,0.0,0.0,0.0,0.0,0.0,0.0,0.017147337032429676,0.017147337032429676,0.0,0.0,0.0,0.0,0.03429467406485935,0.0,0.017147337032429676,0.0,0.5658621220701793,0.03429467406485935,0.017147337032429676,0.017147337032429676,0.0,0.0,0.0,0.2229153814215858,0.0,0.0,0.0,0.0,0.0,0.0,0.0,0.0,0.0,0.0,0.0,0.0,0.0,0.0,0.0,0.0,0.0,0.0,0.0,0.0,0.0,0.0,0.0,0.0,0.0,0.0,0.0,0.0,0.0,0.0,0.0,0.0,0.0,0.0,0.0,0.0,0.0,0.0,0.0,0.0,0.0,0.0,0.0,0.0,0.0,0.0,0.0,0.0,0.0,0.0,0.0,0.0,0.0,0.0,0.0,0.0,0.0,0.0,0.0,0.0,0.0,0.0,0.0,0.0,0.0,0.0,0.0,0.0,0.0,0.0,0.0,0.0,0.0,0.0,0.0,0.0,0.0,0.0,0.0,0.0,0.0,0.0,0.0,0.0,0.0,0.0,0.0,0.0,0.0,0.0,0.0,0.0,0.0,0.0,0.0,0.0,0.0,0.0,0.0,0.0,0.0,0.0,0.0,0.0,0.0,0.0,0.0,0.0,0.0,0.0,0.0,0.0,0.0,0.0,0.0,0.0,0.0,0.0,0.0,0.7887775034917651,0.0,0.0,0.0,0.0,0.03429467406485935,0.0,0.0,0.0,0.0,0.0,0.0,0.0,0.0,0.0,0.05144201109728903,0.0,s41559-017-0406-1.pdf
Document_1,0.0,0.0,0.0,0.0,0.0,0.0,0.23063280200722125,0.0,0.04612656040144425,0.0,0.0,0.0,0.0,0.0,0.0,0.04612656040144425,0.0,0.0,0.0,0.5996452852187752,0.0,0.0,0.0922531208028885,0.0,0.0,0.0,0.0,0.0,0.0,0.13837968120433275,0.0,0.0,0.0,0.0,0.0,0.0,0.0922531208028885,0.0,0.0,0.0,0.0,0.0,0.0,0.0,0.0,0.0,0.0,0.0,0.0,0.0,0.0,0.0,0.0,0.0,0.0,0.0,0.0,0.0,0.0,0.13837968120433275,0.0,0.0,0.0,0.0,0.0,0.0,0.0,0.0,0.0,0.0,0.0,0.0,0.0,0.0,0.0,0.0,0.0,0.04612656040144425,0.0,0.0,0.0,0.0,0.0,0.0922531208028885,0.0,0.0,0.0,0.0,0.0,0.0,0.0,0.0,0.0,0.0,0.0,0.0,0.0,0.0,0.0,0.0,0.0,0.0,0.0,0.0,0.0,0.0,0.0,0.0,0.0922531208028885,0.0,0.0,0.0,0.0,0.0,0.0,0.0,0.0,0.0,0.0,0.0,0.0,0.0,0.0,0.0,0.0,0.0,0.0,0.0922531208028885,0.0,0.0,0.0,0.0,0.0,0.0,0.0,0.0,0.0,0.0,0.0,0.0,0.0,0.0,0.04612656040144425,0.0,0.0,0.0,0.4612656040144425,0.0,0.5073921644158867,0.0,0.0,0.13837968120433275,0.0,0.0,0.0,0.0,0.0,0.0,0.0,0.0,0.0,0.0922531208028885,0.0,s13280-012-0292-3.pdf
Document_1,0.0,0.17407765595569785,0.17407765595569785,0.0,0.17407765595569785,0.0,0.0,0.0,0.0,0.0,0.0,0.0,0.0,0.0,0.0,0.0,0.0,0.0,0.0,0.3481553119113957,0.0,0.0,0.0,0.0,0.0,0.0,0.6963106238227914,0.0,0.0,0.0,0.0,0.0,0.0,0.0,0.0,0.0,0.0,0.0,0.0,0.0,0.0,0.0,0.0,0.0,0.0,0.0,0.0,0.0,0.0,0.0,0.0,0.0,0.0,0.0,0.0,0.0,0.0,0.0,0.0,0.0,0.0,0.0,0.0,0.0,0.0,0.0,0.0,0.0,0.0,0.0,0.0,0.0,0.0,0.0,0.0,0.0,0.0,0.0,0.0,0.0,0.0,0.0,0.0,0.17407765595569785,0.0,0.0,0.0,0.0,0.0,0.0,0.0,0.0,0.0,0.0,0.0,0.0,0.0,0.0,0.0,0.0,0.0,0.0,0.0,0.0,0.0,0.0,0.0,0.0,0.0,0.0,0.0,0.0,0.0,0.0,0.0,0.0,0.0,0.0,0.0,0.0,0.0,0.0,0.0,0.0,0.0,0.0,0.0,0.0,0.0,0.0,0.0,0.0,0.0,0.0,0.0,0.0,0.0,0.0,0.0,0.0,0.0,0.0,0.0,0.0,0.0,0.0,0.0,0.0,0.0,0.0,0.0,0.0,0.0,0.0,0.0,0.0,0.0,0.0,0.0,0.0,0.0,0.5222329678670935,0.0,s10980-017-0553-4.pdf
Document_1,0.0,0.0,0.0,0.0,0.0,0.0,0.0,0.0,0.0,0.0,0.0,0.0,0.0,0.0,0.0,0.0,0.0,0.0,0.0,0.0,0.0,0.0,0.005667746790226606,0.0,0.0,0.0,0.005667746790226606,0.0,0.0,0.22670987160906425,0.0,0.0,0.0,0.005667746790226606,0.0,0.0,0.15302916333611835,0.0,0.0,0.0,0.0,0.0,0.0,0.0,0.0,0.0,0.0,0.0,0.06801296148271928,0.0,0.0,0.0,0.0,0.0,0.0,0.0,0.0,0.0,0.0,0.0,0.0,0.0,0.0,0.0,0.0,0.0,0.0,0.0,0.0,0.0,0.0,0.0,0.0,0.0,0.0,0.0,0.0,0.0,0.0,0.0,0.0,0.0,0.0,0.0,0.0,0.0,0.0,0.0,0.0,0.0,0.0,0.0,0.0,0.0,0.0,0.0,0.0,0.0,0.0,0.0,0.0,0.0,0.0,0.0,0.0,0.0,0.0,0.0,0.05667746790226606,0.0,0.0,0.0,0.0,0.0,0.0,0.0,0.0,0.0,0.011335493580453212,0.0,0.0,0.0,0.0,0.0,0.0,0.0,0.0,0.03400648074135964,0.0,0.0,0.0,0.0,0.0,0.0,0.0,0.0,0.0,0.0,0.0,0.0,0.0,0.0,0.0,0.0,0.0,0.0,0.005667746790226606,0.0,0.9521814607580699,0.0,0.0,0.0,0.0,0.0,0.0,0.0,0.0,0.0,0.0,0.0,0.0,0.0963516954338523,0.0,fpls-07-01262.pdf
Document_1,0.0,0.11043152607484653,0.0,0.0,0.0,0.0,0.0,0.0,0.0,0.0,0.0,0.11043152607484653,0.0,0.0,0.0,0.0,0.0,0.0,0.0,0.22086305214969307,0.0,0.0,0.0,0.0,0.0,0.0,0.6625891564490792,0.0,0.0,0.0,0.0,0.0,0.0,0.0,0.0,0.0,0.0,0.0,0.0,0.0,0.0,0.0,0.0,0.0,0.0,0.0,0.0,0.0,0.0,0.0,0.0,0.0,0.0,0.0,0.0,0.0,0.0,0.0,0.0,0.0,0.0,0.0,0.0,0.0,0.0,0.0,0.0,0.0,0.0,0.0,0.0,0.0,0.0,0.0,0.0,0.0,0.0,0.0,0.0,0.0,0.0,0.0,0.0,0.0,0.0,0.0,0.0,0.0,0.0,0.0,0.0,0.0,0.0,0.0,0.0,0.0,0.0,0.0,0.0,0.0,0.0,0.0,0.0,0.0,0.0,0.0,0.0,0.0,0.0,0.0,0.0,0.0,0.0,0.0,0.0,0.0,0.0,0.0,0.0,0.0,0.0,0.0,0.0,0.0,0.0,0.0,0.0,0.0,0.0,0.0,0.0,0.0,0.0,0.0,0.0,0.0,0.0,0.0,0.0,0.0,0.0,0.0,0.0,0.0,0.0,0.0,0.0,0.0,0.0,0.0,0.0,0.22086305214969307,0.0,0.0,0.0,0.0,0.0,0.0,0.0,0.0,0.0,0.6625891564490792,0.0,Journal of Geophysical Research Atmospheres - 2005 - Linderman - Land‐cover change and vegetation dynamics across Africa.pdf
Document_1,0.0,0.0,0.13018891098082389,0.0,0.0,0.0,0.0,0.0,0.0,0.0,0.0,0.0,0.0,0.0,0.0,0.0,0.0,0.0,0.0,0.0,0.0,0.0,0.5207556439232955,0.0,0.0,0.0,0.13018891098082389,0.0,0.0,0.0,0.0,0.0,0.0,0.0,0.0,0.0,0.13018891098082389,0.0,0.0,0.0,0.0,0.0,0.0,0.0,0.0,0.0,0.0,0.0,0.13018891098082389,0.0,0.0,0.0,0.0,0.0,0.0,0.0,0.0,0.0,0.0,0.0,0.0,0.0,0.0,0.0,0.0,0.0,0.0,0.0,0.0,0.0,0.0,0.0,0.0,0.0,0.0,0.0,0.0,0.0,0.0,0.0,0.0,0.0,0.0,0.0,0.0,0.0,0.0,0.0,0.0,0.0,0.0,0.0,0.0,0.0,0.0,0.0,0.0,0.0,0.0,0.0,0.0,0.0,0.0,0.0,0.0,0.0,0.0,0.0,0.13018891098082389,0.0,0.0,0.0,0.0,0.0,0.0,0.0,0.0,0.0,0.0,0.0,0.0,0.0,0.0,0.0,0.0,0.0,0.0,0.0,0.0,0.0,0.0,0.0,0.0,0.0,0.0,0.0,0.0,0.0,0.0,0.0,0.0,0.0,0.0,0.0,0.0,0.0,0.0,0.0,0.39056673294247163,0.0,0.0,0.0,0.26037782196164777,0.0,0.0,0.0,0.0,0.0,0.0,0.0,0.0,0.6509445549041194,0.0,1-s2.0-S0264837701000205-main.pdf
Document_1,0.0,0.0,0.01382371058009312,0.0,0.01382371058009312,0.0,0.33176905392223494,0.0,0.0,0.0,0.0,0.0,0.0,0.0,0.0,0.0,0.0,0.01382371058009312,0.0,0.09676597406065185,0.01382371058009312,0.0,0.02764742116018624,0.0,0.0,0.0,0.7741277924852148,0.0,0.0,0.0,0.0,0.0,0.0,0.0,0.0,0.0,0.0,0.0,0.0,0.0,0.0,0.0,0.0,0.0,0.0,0.0,0.0,0.0,0.0,0.0,0.0,0.0,0.0,0.0,0.0,0.0,0.0,0.0,0.0,0.0,0.0,0.0,0.0,0.0,0.0,0.0,0.0,0.0,0.0,0.0,0.0,0.0,0.0,0.0,0.0,0.0,0.0,0.0,0.0,0.0,0.0,0.0,0.0,0.0,0.0,0.0,0.0,0.0,0.0,0.0,0.0,0.0,0.0,0.0,0.0,0.0,0.0,0.0,0.0,0.0,0.0,0.0,0.0,0.0,0.0,0.0,0.0,0.0,0.0,0.0,0.0,0.0,0.0,0.0,0.0,0.0,0.0,0.0,0.0,0.0,0.0,0.0,0.0,0.0,0.0,0.0,0.0,0.0,0.0,0.0,0.0,0.0,0.0,0.0,0.0,0.0,0.0,0.0,0.0,0.0,0.0,0.0,0.0,0.0,0.0,0.0,0.0,0.0,0.3870638962426074,0.0,0.0,0.02764742116018624,0.0,0.0,0.0,0.0,0.0,0.0,0.0,0.0,0.0,0.35941647508242114,0.0,forests-13-00698-v2.pdf
Document_1,0.0,0.0,0.0,0.0,0.0,0.0,0.062136976600120006,0.0,0.0,0.0,0.0,0.0,0.0,0.0,0.0,0.0,0.0,0.0,0.0,0.0,0.0,0.0,0.062136976600120006,0.0,0.0,0.0,0.0,0.0,0.062136976600120006,0.0,0.0,0.0,0.0,0.0,0.0,0.0,0.0,0.0,0.0,0.0,0.0,0.0,0.0,0.062136976600120006,0.0,0.0,0.0,0.0,0.0,0.0,0.0,0.0,0.0,0.0,0.0,0.0,0.0,0.0,0.0,0.31068488300060004,0.0,0.0,0.0,0.0,0.0,0.0,0.0,0.0,0.0,0.0,0.0,0.0,0.0,0.0,0.0,0.0,0.0,0.0,0.0,0.0,0.0,0.0,0.0,0.0,0.0,0.0,0.0,0.0,0.0,0.0,0.0,0.0,0.0,0.0,0.0,0.0,0.0,0.0,0.0,0.0,0.0,0.0,0.0,0.0,0.0,0.0,0.0,0.0,0.0,0.0,0.0,0.0,0.0,0.0,0.0,0.0,0.0,0.0,0.0,0.0,0.0,0.0,0.0,0.0,0.0,0.0,0.0,0.0,0.0,0.0,0.0,0.0,0.0,0.0,0.0,0.0,0.0,0.0,0.0,0.0,0.0,0.0,0.0,0.0,0.0,0.0,0.0,0.0,0.9320546490018,0.0,0.0,0.062136976600120006,0.0,0.0,0.0,0.0,0.0,0.0,0.0,0.0,0.0,0.12427395320024001,0.0,kastner-et-al-2012-global-changes-in-diets-and-the-consequences-for-land-requirements-for-food.pdf
Document_1,0.0,0.0,0.016056619124983393,0.0,0.0,0.0,0.4897268833119935,0.0,0.0,0.0,0.0,0.0,0.0,0.0,0.0,0.0,0.0,0.0,0.0,0.0,0.0,0.0,0.032113238249966786,0.0,0.0,0.0,0.008028309562491696,0.0,0.0,0.0,0.0,0.0,0.0,0.0,0.0,0.0,0.0,0.0,0.0,0.0,0.0,0.0,0.0,0.0,0.0,0.0,0.0,0.0,0.0,0.0,0.0,0.0,0.0,0.0,0.0,0.0,0.0,0.0,0.0,0.0,0.0,0.0,0.0,0.0,0.0,0.0,0.0,0.0,0.0,0.0,0.0,0.0,0.0,0.0,0.0,0.0,0.0,0.0,0.0,0.0,0.0,0.0,0.0,0.0,0.0,0.0,0.0,0.0,0.0,0.0,0.0,0.0,0.0,0.0,0.0,0.0,0.0,0.0,0.0,0.0,0.0,0.0,0.0,0.0,0.0,0.0,0.0,0.0,0.0,0.0,0.0,0.0,0.0,0.0,0.0,0.0,0.0,0.0,0.0,0.0,0.0,0.0,0.0,0.0,0.0,0.0,0.0,0.0,0.0,0.0,0.0,0.0,0.0,0.0,0.0,0.0,0.0,0.0,0.0,0.0,0.0,0.0,0.0,0.0,0.0,0.0,0.02408492868747509,0.0,0.08028309562491696,0.0,0.0,0.0,0.0,0.0,0.0,0.0,0.0,0.0,0.0,0.0,0.0,0.8670574327491032,0.0,IBRAHIMetal_HJ2014.pdf
Document_1,0.0,0.022750787759664503,0.0,0.0,0.0,0.0,0.022750787759664503,0.0,0.25025866535630953,0.6825236327899351,0.4550157551932901,0.022750787759664503,0.0,0.0,0.0,0.0682523632789935,0.0,0.0,0.0,0.045501575519329006,0.0,0.0,0.022750787759664503,0.0,0.0,0.0,0.0,0.0,0.0,0.022750787759664503,0.022750787759664503,0.0,0.0,0.0,0.0,0.0,0.0,0.0,0.0,0.0,0.0,0.0,0.0,0.0,0.0,0.0,0.0,0.0,0.0,0.0,0.0,0.0,0.0,0.0,0.0,0.0,0.0,0.0,0.0,0.0,0.0,0.0,0.0,0.0,0.0,0.0,0.0,0.0,0.0,0.0,0.0,0.0,0.0,0.0,0.0,0.0,0.0,0.0,0.0,0.0,0.0,0.0,0.0,0.0,0.0,0.0,0.0,0.0,0.0,0.0,0.0,0.0,0.0,0.0,0.0,0.0,0.0,0.0,0.0,0.0,0.0,0.0,0.0,0.0,0.0,0.0,0.0,0.0,0.022750787759664503,0.0,0.0,0.0,0.0,0.0,0.0,0.0,0.0,0.0,0.0,0.0,0.0,0.0,0.0,0.0,0.0,0.0,0.0,0.0,0.0,0.0,0.0,0.0,0.0,0.0,0.0,0.0,0.0,0.0,0.0,0.0,0.0,0.0,0.0,0.0,0.0,0.0,0.0,0.0,0.15925551431765153,0.0,0.0,0.022750787759664503,0.0,0.0,0.0,0.0,0.0,0.0,0.0,0.0,0.0,0.47776654295295456,0.0,nature13945.pdf
Document_1,0.0,0.0,0.025561323282611632,0.0,0.0,0.0,0.012780661641305816,0.0,0.0,0.28117455610872794,0.06390330820652908,0.012780661641305816,0.0,0.0,0.0,0.012780661641305816,0.0,0.0,0.0,0.9457689614566304,0.012780661641305816,0.012780661641305816,0.08946463148914072,0.0,0.0,0.0,0.0,0.0,0.0,0.0,0.0,0.0,0.0,0.0,0.0,0.0,0.0,0.0,0.0,0.0,0.0,0.0,0.0,0.0,0.0,0.0,0.0,0.0,0.0,0.0,0.0,0.0,0.0,0.0,0.0,0.0,0.0,0.0,0.0,0.0,0.0,0.0,0.0,0.0,0.0,0.0,0.0,0.0,0.0,0.0,0.0,0.0,0.0,0.0,0.0,0.0,0.0,0.0,0.0,0.0,0.0,0.0,0.0,0.0,0.0,0.0,0.0,0.0,0.0,0.0,0.0,0.0,0.0,0.0,0.0,0.0,0.0,0.0,0.0,0.0,0.0,0.0,0.0,0.0,0.0,0.0,0.0,0.0,0.012780661641305816,0.0,0.0,0.0,0.0,0.0,0.0,0.0,0.0,0.0,0.0,0.0,0.0,0.0,0.0,0.0,0.0,0.0,0.0,0.0,0.0,0.0,0.0,0.0,0.0,0.0,0.0,0.0,0.0,0.0,0.0,0.0,0.0,0.0,0.0,0.0,0.0,0.0,0.025561323282611632,0.0,0.038341984923917445,0.0,0.0,0.012780661641305816,0.0,0.0,0.0,0.0,0.0,0.0,0.0,0.0,0.0,0.10224529313044653,0.0,Analysis of deforestation pattern in the Niger Delta region of Nigeria.pdf
Document_1,0.0,0.0,0.14106912317171966,0.0,0.0,0.0,0.0,0.0,0.07053456158585983,0.07053456158585983,0.0,0.0,0.0,0.0,0.0,0.0,0.0,0.0,0.0,0.07053456158585983,0.07053456158585983,0.0,0.14106912317171966,0.0,0.0,0.0,0.14106912317171966,0.0,0.0,0.0,0.0,0.0,0.0,0.0,0.0,0.0,0.0,0.0,0.0,0.0,0.0,0.0,0.0,0.0,0.0,0.0,0.0,0.0,0.0,0.0,0.0,0.0,0.0,0.0,0.0,0.0,0.0,0.0,0.0,0.0,0.0,0.0,0.0,0.0,0.0,0.0,0.0,0.0,0.0,0.0,0.0,0.0,0.0,0.0,0.0,0.0,0.0,0.0,0.0,0.0,0.0,0.0,0.0,0.0,0.0,0.0,0.0,0.0,0.0,0.0,0.0,0.0,0.0,0.0,0.0,0.0,0.0,0.0,0.0,0.0,0.0,0.0,0.0,0.0,0.0,0.0,0.0,0.0,0.0,0.0,0.0,0.0,0.0,0.0,0.0,0.0,0.0,0.0,0.0,0.0,0.0,0.0,0.0,0.0,0.0,0.0,0.0,0.0,0.0,0.0,0.0,0.0,0.0,0.0,0.0,0.0,0.0,0.0,0.0,0.0,0.0,0.0,0.0,0.0,0.0,0.0,0.07053456158585983,0.0,0.42320736951515897,0.0,0.0,0.14106912317171966,0.0,0.0,0.0,0.0,0.0,0.0,0.0,0.0,0.0,0.8464147390303179,0.0,350-Article Text-990-1-10-20150420.pdf
Document_1,0.0,0.0,0.0,0.0,0.0,0.0,0.10332548854774361,0.0,0.034441829515914534,0.0,0.0,0.0,0.0,0.0,0.0,0.0,0.0,0.0,0.0,0.37886012467505986,0.0,0.0,0.034441829515914534,0.0,0.0,0.0,0.10332548854774361,0.0,0.0,0.034441829515914534,0.06888365903182907,0.0,0.0,0.0,0.0,0.0,0.06888365903182907,0.0,0.0,0.0,0.0,0.0,0.0,0.0,0.0,0.0,0.0,0.0,0.06888365903182907,0.0,0.0,0.0,0.0,0.0,0.0,0.0,0.0,0.0,0.0,0.0,0.0,0.0,0.0,0.0,0.0,0.0,0.0,0.0,0.0,0.0,0.0,0.0,0.0,0.0,0.0,0.0,0.0,0.0,0.0,0.0,0.0,0.0,0.0,0.0,0.0,0.0,0.0,0.0,0.0,0.0,0.0,0.0,0.0,0.0,0.0,0.0,0.0,0.0,0.0,0.0,0.0,0.0,0.0,0.0,0.0,0.0,0.0,0.0,0.06888365903182907,0.0,0.0,0.0,0.0,0.0,0.0,0.0,0.0,0.0,0.0,0.0,0.0,0.0,0.0,0.0,0.0,0.0,0.0,0.17220914757957267,0.0,0.0,0.0,0.0,0.0,0.0,0.0,0.0,0.0,0.0,0.0,0.0,0.0,0.0,0.0,0.0,0.0,0.0,0.6888365903182907,0.0,0.5510692722546325,0.0,0.0,0.06888365903182907,0.0,0.0,0.0,0.0,0.0,0.0,0.0,0.0,0.0,0.0,0.0,6a7830513354f8cb9c5e049419a8990304aa.pdf
Document_1,0.0,0.0,0.0,0.0,0.0,0.0,0.25910449902221844,0.0,0.0076207205594770126,0.03810360279738506,0.015241441118954025,0.02286216167843104,0.0,0.0,0.0,0.0,0.0,0.0,0.0,0.0,0.0,0.0,0.03048288223790805,0.0,0.0,0.0,0.0076207205594770126,0.0,0.0,0.11431080839215518,0.0,0.0,0.0,0.0,0.0,0.0,0.0609657644758161,0.0,0.0,0.0,0.0,0.0,0.0,0.0,0.0,0.0,0.0,0.0,0.04572432335686208,0.0,0.0,0.0,0.0,0.0,0.0,0.0,0.0,0.0,0.0,0.0,0.0,0.0,0.0,0.0,0.0,0.0,0.0,0.0,0.0,0.0,0.0,0.0,0.0,0.0,0.0,0.0,0.0,0.0,0.0,0.0,0.0,0.0,0.0,0.0,0.0,0.0,0.0,0.0076207205594770126,0.0,0.0,0.0,0.0,0.0,0.0,0.0,0.0,0.0,0.0,0.0,0.0,0.0,0.0,0.0,0.0,0.0,0.0,0.0,0.0,0.06858648503529312,0.0,0.0,0.0,0.0,0.0,0.0,0.0,0.0,0.0,0.02286216167843104,0.0,0.0,0.0,0.0,0.0,0.0,0.0,0.0,0.09906936727320116,0.0,0.0,0.0,0.0,0.0,0.0,0.0,0.0,0.0,0.0,0.0,0.0,0.0,0.0,0.0,0.0,0.0,0.0,0.03810360279738506,0.0,0.8687621437803794,0.0,0.0,0.0,0.0,0.0,0.0,0.0,0.0,0.0,0.0,0.0,0.0,0.3734153074143736,0.0,s11269-011-9931-x.pdf
Document_1,0.0,0.0,0.0,0.0,0.0,0.0,0.0,0.0,0.0,0.0,0.0,0.0,0.0,0.0,0.0,0.0,0.0,0.0,0.0,0.7062513851301623,0.00929278138329161,0.0,0.03717112553316644,0.0,0.0,0.0,0.0,0.0,0.0,0.0,0.0,0.0,0.0,0.0,0.0,0.0,0.0,0.0,0.0,0.0,0.0,0.0,0.0,0.0,0.0,0.0,0.0,0.0,0.0,0.0,0.0,0.0,0.0,0.0,0.0,0.0,0.0,0.0,0.0,0.0,0.0,0.0,0.0,0.0,0.0,0.0,0.0,0.0,0.0,0.0,0.0,0.0,0.0,0.0,0.0,0.0,0.0,0.0,0.0,0.0,0.0,0.0,0.0,0.00929278138329161,0.0,0.0,0.0,0.0,0.0,0.0,0.0,0.0,0.0,0.0,0.0,0.0,0.0,0.0,0.0,0.0,0.0,0.0,0.0,0.0,0.0,0.0,0.0,0.0,0.0,0.0,0.0,0.0,0.0,0.0,0.0,0.0,0.0,0.0,0.0,0.0,0.0,0.0,0.0,0.0,0.0,0.0,0.0,0.0,0.0,0.0,0.0,0.00929278138329161,0.0,0.0,0.0,0.0,0.0,0.0,0.0,0.0,0.0,0.0,0.01858556276658322,0.0,0.0,0.0,0.01858556276658322,0.0,0.7062513851301623,0.0,0.0,0.0,0.0,0.0,0.0,0.0,0.0,0.0,0.0,0.0,0.0,0.00929278138329161,0.0,1-s2.0-S2468227619307070-main.pdf
Document_1,0.0,0.0,0.0,0.0,0.0,0.0,0.6976000890454686,0.0,0.01835789708014391,0.0,0.01835789708014391,0.0,0.0,0.0,0.0,0.0,0.0,0.0,0.0,0.009178948540071955,0.0,0.0,0.009178948540071955,0.0,0.0,0.0,0.11932633102093541,0.0,0.0,0.4314105813833819,0.01835789708014391,0.0,0.0,0.0,0.0,0.0,0.0,0.0,0.0,0.0,0.0,0.0,0.0,0.0,0.0,0.0,0.0,0.0,0.0,0.0,0.0,0.0,0.0,0.0,0.0,0.0,0.0,0.0,0.0,0.0,0.0,0.0,0.0,0.0,0.0,0.0,0.0,0.0,0.0,0.0,0.0,0.0,0.0,0.0,0.0,0.0,0.0,0.0,0.0,0.0,0.0,0.0,0.0,0.009178948540071955,0.0,0.0,0.0,0.0,0.0,0.0,0.0,0.0,0.0,0.0,0.0,0.0,0.0,0.0,0.0,0.0,0.0,0.0,0.0,0.0,0.0,0.0,0.0,0.0,0.0,0.0,0.0,0.0,0.0,0.0,0.0,0.0,0.0,0.0,0.0,0.0,0.0,0.0,0.0,0.0,0.0,0.0,0.0,0.0,0.0,0.0,0.0,0.0,0.0,0.0,0.0,0.0,0.0,0.0,0.0,0.0,0.0,0.0,0.0,0.0,0.0,0.0,0.0,0.0,0.5507369124043173,0.0,0.0,0.0,0.0,0.0,0.0,0.0,0.0,0.0,0.0,0.0,0.0,0.09178948540071956,0.0,1-s2.0-S0168192311001122-main.pdf
Document_1,0.0,0.0,0.0,0.0,0.1591822461443678,0.0,0.0,0.0,0.0,0.0,0.0,0.0,0.0,0.0,0.0,0.0,0.0,0.0,0.0,0.028942226571703235,0.0,0.0,0.0,0.0,0.0,0.0,0.98403570343791,0.0,0.0,0.0,0.0,0.0,0.0,0.0,0.0,0.0,0.0,0.0,0.0,0.0,0.0,0.0,0.0,0.0,0.0,0.0,0.0,0.0,0.0,0.0,0.0,0.0,0.0,0.0,0.0,0.0,0.0,0.0,0.0,0.0,0.0,0.0,0.0,0.0,0.0,0.0,0.0,0.0,0.0,0.0,0.0,0.0,0.0,0.0,0.0,0.0,0.0,0.0,0.0,0.0,0.0,0.0,0.0,0.0,0.0,0.0,0.0,0.0,0.0,0.0,0.0,0.0,0.0,0.0,0.0,0.0,0.0,0.0,0.0,0.0,0.0,0.0,0.0,0.0,0.0,0.0,0.0,0.0,0.0,0.0,0.0,0.0,0.0,0.0,0.0,0.0,0.0,0.0,0.0,0.0,0.0,0.0,0.0,0.0,0.0,0.0,0.0,0.0,0.0,0.0,0.0,0.0,0.0,0.0,0.0,0.0,0.0,0.0,0.0,0.0,0.0,0.0,0.0,0.0,0.0,0.0,0.007235556642925809,0.0,0.0,0.0,0.0,0.07235556642925808,0.0,0.0,0.0,0.0,0.0,0.0,0.0,0.0,0.0,0.014471113285851617,0.0,Journal of Ecology - 2022 - Beckett - Pathways of savannization in a mesic African savanna forest mosaic following an.pdf
Document_1,0.0,0.0,0.024318019154289876,0.0,0.0,0.0,0.14590811492573924,0.0,0.0,0.0,0.0,0.7052225554744064,0.0,0.0,0.0,0.0,0.0,0.0,0.0,0.024318019154289876,0.0,0.04863603830857975,0.07295405746286962,0.0,0.0,0.0,0.2674982106971886,0.0,0.0,0.0,0.0,0.0,0.0,0.0,0.0,0.0,0.0,0.0,0.0,0.0,0.0,0.0,0.0,0.0,0.0,0.0,0.0,0.0,0.0,0.0,0.0,0.0,0.0,0.0,0.0,0.0,0.0,0.0,0.0,0.0,0.0,0.0,0.0,0.0,0.0,0.0,0.0,0.0,0.0,0.0,0.0,0.0,0.0,0.0,0.0,0.0,0.0,0.0,0.0,0.0,0.0,0.0,0.0,0.0,0.0,0.0,0.0,0.0,0.0,0.0,0.0,0.0,0.0,0.0,0.0,0.0,0.0,0.0,0.0,0.0,0.0,0.0,0.0,0.0,0.0,0.0,0.0,0.0,0.0,0.0,0.0,0.0,0.0,0.0,0.0,0.0,0.0,0.0,0.0,0.0,0.0,0.0,0.0,0.0,0.0,0.0,0.0,0.0,0.0,0.0,0.0,0.0,0.0,0.0,0.0,0.0,0.0,0.0,0.0,0.0,0.0,0.0,0.0,0.0,0.0,0.0,0.024318019154289876,0.0,0.024318019154289876,0.0,0.0,0.0,0.0,0.0,0.0,0.0,0.0,0.0,0.0,0.0,0.0,0.6322684980115367,0.0,Reviews of Geophysics - 2000 - Nicholson - Land surface processes and Sahel climate.pdf
Document_1,0.0,0.0,0.0,0.0,0.0,0.0,0.0,0.0,0.0,0.28661838988431687,0.0318464877649241,0.0,0.0,0.0,0.0,0.0318464877649241,0.0,0.0,0.0,0.0,0.0,0.0,0.0,0.0,0.0,0.0,0.0,0.0,0.0,0.1592324388246205,0.0636929755298482,0.0,0.0,0.0,0.0,0.0,0.0,0.0,0.0,0.0,0.0,0.0,0.0,0.0,0.0,0.0,0.0,0.0,0.0636929755298482,0.0,0.0,0.0,0.0,0.0,0.0,0.0,0.0,0.0,0.0,0.0,0.0,0.0,0.0,0.0,0.0,0.0,0.0,0.0,0.0,0.0,0.0,0.0,0.0,0.0,0.0,0.0,0.0,0.0,0.0,0.0,0.0,0.0,0.0,0.0,0.0,0.0,0.0,0.0,0.0,0.0,0.0,0.0,0.0,0.0,0.0,0.0,0.0,0.0,0.0,0.0,0.0,0.0,0.0,0.0,0.0,0.0,0.0,0.0,0.0,0.0,0.0,0.0,0.0,0.0,0.0,0.0,0.0,0.0,0.0,0.0,0.0,0.0,0.0,0.0,0.0,0.0,0.0,0.3821578531790892,0.0,0.0,0.0,0.0,0.0,0.0,0.0,0.0,0.0,0.0,0.0,0.0,0.0,0.0,0.0,0.0,0.0,0.0,0.0318464877649241,0.0,0.8280086818880266,0.0,0.0,0.0,0.0,0.0,0.0,0.0,0.0,0.0,0.0,0.0,0.0,0.2229254143544687,0.0,1-s2.0-S0308521X12000157-main.pdf
Document_1,0.0,0.003643646161335771,0.0,0.0,0.0,0.0,0.007287292322671542,0.0,0.021861876968014626,0.010930938484007313,0.0,0.0,0.0,0.0,0.0,0.007287292322671542,0.0,0.0,0.0,0.9947154020446656,0.0,0.0,0.025505523129350397,0.0,0.0,0.0,0.010930938484007313,0.0,0.0,0.014574584645343084,0.0,0.0,0.0,0.0,0.0,0.0,0.0,0.0,0.0,0.0,0.0,0.0,0.0,0.0,0.0,0.0,0.0,0.0,0.014574584645343084,0.0,0.0,0.0,0.0,0.0,0.0,0.0,0.0,0.0,0.0,0.0,0.0,0.0,0.0,0.0,0.0,0.0,0.0,0.0,0.0,0.0,0.0,0.0,0.0,0.0,0.0,0.0,0.0,0.0,0.0,0.0,0.0,0.0,0.0,0.010930938484007313,0.0,0.0,0.0,0.0,0.0,0.0,0.0,0.0,0.0,0.0,0.0,0.0,0.0,0.0,0.0,0.0,0.0,0.0,0.0,0.0,0.0,0.0,0.0,0.0,0.014574584645343084,0.0,0.0,0.0,0.0,0.0,0.0,0.0,0.0,0.0,0.0,0.0,0.0,0.0,0.0,0.0,0.0,0.0,0.0,0.0,0.0,0.0,0.0,0.0,0.0,0.0,0.0,0.0,0.0,0.0,0.0,0.0,0.0,0.0,0.0,0.0,0.0,0.0,0.0,0.0,0.09109115403339428,0.0,0.0,0.0,0.0,0.0,0.0,0.0,0.0,0.0,0.0,0.0,0.0,0.0,0.0,science.abm9267.pdf
Document_1,0.0,0.03868074007670588,0.015472296030682352,0.0,0.0,0.0,0.007736148015341176,0.0,0.0,0.02320844404602353,0.0,0.0,0.0,0.0,0.0,0.0,0.0,0.0,0.0,0.14698681229148236,0.0,0.015472296030682352,0.05415303610738823,0.0,0.0,0.0,0.0,0.0,0.0,0.007736148015341176,0.0,0.0,0.0,0.0,0.0,0.0,0.0,0.0,0.0,0.0,0.0,0.0,0.0,0.0,0.0,0.0,0.0,0.0,0.007736148015341176,0.0,0.0,0.0,0.0,0.0,0.0,0.0,0.0,0.0,0.0,0.08509762816875294,0.0,0.0,0.0,0.0,0.0,0.0,0.0,0.0,0.0,0.0,0.0,0.0,0.0,0.0,0.0,0.0,0.007736148015341176,0.0,0.0,0.0,0.0,0.0,0.0,0.8819208737488942,0.0,0.0,0.0,0.0,0.0,0.0,0.0,0.0,0.0,0.0,0.0,0.0,0.0,0.0,0.0,0.0,0.0,0.0,0.0,0.0,0.0,0.0,0.0,0.0,0.0,0.0,0.0,0.0,0.0,0.0,0.0,0.0,0.0,0.0,0.0,0.0,0.0,0.0,0.0,0.0,0.0,0.0,0.0,0.0,0.0,0.0,0.0,0.03868074007670588,0.0,0.0,0.0,0.0,0.0,0.0,0.0,0.0,0.0,0.0,0.0,0.0,0.0,0.0,0.04641688809204706,0.0,0.4254881408437647,0.0,0.0,0.007736148015341176,0.0,0.0,0.0,0.0,0.0,0.0,0.0,0.0,0.0,0.05415303610738823,0.0,1-s2.0-S2351989419305116-main.pdf
